,EC_number,bigg.metabolite,type
43,1.1.1.6,k,activation
533,1.1.1.49,spmd,activation
769,1.1.1.169,for,activation
961,1.1.1.336,acgam1p,activation
1275,1.2.1.10,nad,activation
1370,1.2.1.21,pydx,activation
1371,1.2.1.21,pydx5p,activation
1372,1.2.1.21,pydxn,activation
1373,1.2.1.22,cys__l,activation
2342,1.4.1.4,amp,activation
2345,1.4.1.4,atp,activation
2382,1.4.1.4,utp,activation
2516,1.4.3.16,asp__l,activation
2701,1.6.1.1,adp,activation
2702,1.6.1.1,amp,activation
2703,1.6.1.1,atp,activation
2993,1.7.1.4,nad,activation
2994,1.7.1.4,nad,activation
3146,1.8.1.9,cys__l,activation
3149,1.8.1.9,cys__l,activation
3155,1.8.1.9,cys__l,activation
3166,1.8.1.9,pi,activation
3550,1.11.1.6,his__l,activation
4539,1.14.12.17,pheme,activation
5799,1.17.4.1,atp,activation
5808,1.17.4.1,atp,activation
5812,1.17.4.1,atp,activation
5814,1.17.4.1,atp,activation
5821,1.17.4.1,datp,activation
5829,1.17.4.1,datp,activation
5836,1.17.4.1,dctp,activation
5847,1.17.4.1,dgtp,activation
5851,1.17.4.1,dgtp,activation
5865,1.17.4.1,dgtp,activation
5869,1.17.4.1,dgtp,activation
5887,1.17.4.1,dttp,activation
5891,1.17.4.1,dttp,activation
5903,1.17.4.1,dttp,activation
5907,1.17.4.1,dttp,activation
5908,1.17.4.1,dttp,activation
5915,1.17.4.1,h2o2,activation
6296,2.1.1.10,cys__l,activation
6297,2.1.1.10,hcys__l,activation
6298,2.1.1.10,hom__l,activation
6302,2.1.1.10,cyst__l,activation
6311,2.1.1.13,k,activation
6315,2.1.1.13,na1,activation
6319,2.1.1.13,amet,activation
6320,2.1.1.13,amet,activation
6469,2.1.1.79,hco3,activation
6612,2.1.2.1,ser__l,activation
6631,2.1.3.2,adn,activation
6633,2.1.3.2,atp,activation
6637,2.1.3.2,atp,activation
6638,2.1.3.2,atp,activation
6640,2.1.3.2,atp,activation
6641,2.1.3.2,atp,activation
6649,2.1.3.2,ctp,activation
6650,2.1.3.2,ctp,activation
6665,2.1.3.2,mal__l,activation
6681,2.1.3.2,succ,activation
6686,2.1.3.2,utp,activation
6716,2.2.1.1,h2o2,activation
6744,2.2.1.9,thmpp,activation
6856,2.3.1.8,pyr,activation
6858,2.3.1.8,pyr,activation
6867,2.3.1.15,atp,activation
7138,2.3.1.41,pi,activation
7295,2.3.1.54,oxam,activation
7297,2.3.1.54,oxam,activation
7298,2.3.1.54,pyr,activation
7304,2.3.1.54,amet,activation
7305,2.3.1.54,amet,activation
7685,2.4.1.1,amp,activation
8294,2.4.1.21,cit,activation
9089,2.4.1.227,ca2,activation
9091,2.4.1.227,dmso,activation
9092,2.4.1.227,dmso,activation
9093,2.4.1.227,mg2,activation
9216,2.4.2.8,ac,activation
9228,2.4.2.9,gtp,activation
9231,2.4.2.9,gtp,activation
9232,2.4.2.9,gtp,activation
9252,2.4.2.14,prpp,activation
9543,2.5.1.6,amet,activation
9964,2.6.1.85,gln__l,activation
9965,2.6.1.85,4abz,activation
10220,2.7.1.11,adp,activation
10302,2.7.1.11,gdp,activation
10304,2.7.1.11,gdp,activation
10466,2.7.1.21,dcdp,activation
10468,2.7.1.21,dctp,activation
10472,2.7.1.21,gtp,activation
10526,2.7.1.25,cys__l,activation
10531,2.7.1.25,trdrd,activation
10775,2.7.1.40,g6p,activation
10916,2.7.1.40,pep,activation
11072,2.7.1.73,k,activation
11075,2.7.1.73,mg2,activation
11185,2.7.1.89,atp,activation
11354,2.7.1.107,pa160,activation
11377,2.7.1.107,ocdcea,activation
11381,2.7.1.107,hdca,activation
11433,2.7.1.107,ocdca,activation
11957,2.7.6.5,etoh,activation
12175,2.7.7.12,cys__l,activation
12177,2.7.7.12,cys__l,activation
12327,2.7.7.27,2ddg6p,activation
12377,2.7.7.27,2obut,activation
12445,2.7.7.27,3pg,activation
12469,2.7.7.27,3pg,activation
12510,2.7.7.27,3pg,activation
12570,2.7.7.27,adp,activation
12591,2.7.7.27,amp,activation
12597,2.7.7.27,amp,activation
12736,2.7.7.27,f6p,activation
12768,2.7.7.27,f6p,activation
12774,2.7.7.27,f6p,activation
12802,2.7.7.27,g6p,activation
12808,2.7.7.27,g6p,activation
12891,2.7.7.27,2dr5p,activation
12974,2.7.7.27,g3p,activation
13026,2.7.7.27,hpyr,activation
13127,2.7.7.27,nadp,activation
13153,2.7.7.27,nadph,activation
13217,2.7.7.27,pep,activation
13249,2.7.7.27,pep,activation
13266,2.7.7.27,pydx5p,activation
13295,2.7.7.27,pydx5p,activation
13326,2.7.7.27,pydx5p,activation
13345,2.7.7.27,pyr,activation
13381,2.7.7.27,s17bp,activation
13424,2.7.7.41,atp,activation
17834,3.1.3.11,cit,activation
17913,3.1.3.11,pep,activation
17914,3.1.3.11,pep,activation
17915,3.1.3.11,pep,activation
17918,3.1.3.11,so4,activation
18066,3.1.3.18,cl,activation
18082,3.1.3.25,mn2,activation
21214,3.2.2.4,atp,activation
24705,3.5.1.10,met__l,activation
24755,3.5.1.16,pi,activation
25148,3.5.4.1,ala__d,activation
25154,3.5.4.1,hom__l,activation
25165,3.5.4.1,gly,activation
25179,3.5.4.1,asp__l,activation
25182,3.5.4.1,asp__l,activation
25187,3.5.4.1,glu__l,activation
25190,3.5.4.1,glu__l,activation
25193,3.5.4.1,gln__l,activation
25196,3.5.4.1,gln__l,activation
25199,3.5.4.1,his__l,activation
25202,3.5.4.1,his__l,activation
25211,3.5.4.1,ile__l,activation
25212,3.5.4.1,leu__l,activation
25217,3.5.4.1,orn,activation
25218,3.5.4.1,phe__l,activation
25219,3.5.4.1,ser__l,activation
25220,3.5.4.1,thr__l,activation
25221,3.5.4.1,val__l,activation
25264,3.5.4.5,cytd,activation
25484,3.5.99.6,acgam6p,activation
25488,3.5.99.6,acgam6p,activation
25490,3.5.99.6,acgam6p,activation
25494,3.5.99.6,acgam6p,activation
25501,3.6.1.1,atp,activation
25748,3.6.3.5,pg160,activation
25749,3.6.3.5,pg180,activation
25752,3.6.3.5,cys__l,activation
25901,3.6.3.12,adp,activation
25902,3.6.3.12,atp,activation
25938,3.6.3.16,aso3,activation
25939,3.6.3.16,aso3,activation
26872,4.1.1.8,adp,activation
26873,4.1.1.8,amp,activation
26874,4.1.1.8,atp,activation
26979,4.1.1.15,cl,activation
27297,4.1.1.31,gtp,activation
27407,4.1.1.49,accoa,activation
27466,4.1.1.50,pyr,activation
27467,4.1.1.50,pyr,activation
27471,4.1.1.50,pyr,activation
27505,4.1.1.65,pyr,activation
27506,4.1.1.65,pyr,activation
27507,4.1.1.65,pyr,activation
27508,4.1.1.65,pyr,activation
27587,4.1.1.98,lipoate,activation
27588,4.1.1.98,meoh,activation
27628,4.1.2.13,akg,activation
27630,4.1.2.13,cit,activation
27648,4.1.2.13,pep,activation
27746,4.1.3.6,pnto__r,activation
28058,4.2.1.7,cys__l,activation
28214,4.2.1.47,nadph,activation
28279,4.2.1.79,ppa,activation
28488,4.2.3.3,2pglyc,activation
28580,4.3.1.1,dmso,activation
28581,4.3.1.1,glyc,activation
28584,4.3.1.1,asp__l,activation
28627,4.3.1.19,val__l,activation
29723,5.1.1.3,uama,activation
29724,5.1.1.3,uama,activation
29815,5.1.3.2,udp,activation
29816,5.1.3.2,ump,activation
29842,5.1.3.14,uacgam,activation
29844,5.1.3.14,uacgam,activation
30156,5.4.2.7,r15bp,activation
30157,5.4.2.7,r15bp,activation
30271,5.4.3.8,etha,activation
30345,5.4.99.9,nadph,activation
30508,6.1.1.5,spmd,activation
30509,6.1.1.5,spmd,activation
30576,6.1.1.19,spmd,activation
30669,6.3.1.2,glyb,activation
30687,6.3.1.2,inost,activation
30695,6.3.1.2,pro__l,activation
30821,6.3.2.10,ac,activation
30822,6.3.2.10,but,activation
30824,6.3.2.10,for,activation
30825,6.3.2.10,ppa,activation
30927,6.3.4.2,dgtp,activation
30935,6.3.4.2,gtp,activation
30936,6.3.4.2,gtp,activation
30942,6.3.4.2,gtp,activation
30944,6.3.4.2,gtp,activation
30945,6.3.4.2,gtp,activation
30947,6.3.4.2,gtp,activation
30950,6.3.4.2,itp,activation
31049,6.3.5.5,gtp,activation
31051,6.3.5.5,imp,activation
31052,6.3.5.5,imp,activation
31053,6.3.5.5,imp,activation
31055,6.3.5.5,imp,activation
31057,6.3.5.5,imp,activation
31058,6.3.5.5,imp,activation
31059,6.3.5.5,itp,activation
31060,6.3.5.5,orn,activation
31061,6.3.5.5,orn,activation
31062,6.3.5.5,orn,activation
31063,6.3.5.5,orn,activation
31065,6.3.5.5,orn,activation
31067,6.3.5.5,orn,activation
31075,6.3.5.5,acglu,activation
31081,6.3.5.5,orn,activation
31082,6.3.5.5,orn,activation
31086,6.3.5.5,orn,activation
31087,6.3.5.5,orn,activation
31091,6.3.5.5,k,activation
31093,6.3.5.5,xmp,activation
31169,6.4.1.2,btn,activation
31170,6.4.1.2,btn,activation
31190,6.4.1.2,cit,activation
811,1.1.1.6,zn2,inhibition
2466,1.1.1.23,urea,inhibition
4142,1.1.1.40,cu2,inhibition
4230,1.1.1.40,mg2,inhibition
4328,1.1.1.40,zn2,inhibition
4615,1.1.1.42,pep,inhibition
5172,1.1.1.49,atp,inhibition
5180,1.1.1.49,cd2,inhibition
5187,1.1.1.49,cobalt2,inhibition
5191,1.1.1.49,cu2,inhibition
5227,1.1.1.49,hg2,inhibition
5242,1.1.1.49,mn2,inhibition
5262,1.1.1.49,nadh,inhibition
5289,1.1.1.49,nadph,inhibition
5291,1.1.1.49,nadph,inhibition
5625,1.1.1.57,atp,inhibition
5626,1.1.1.57,atp,inhibition
5627,1.1.1.57,altrn,inhibition
5629,1.1.1.57,altrn,inhibition
5630,1.1.1.57,mana,inhibition
5633,1.1.1.57,nad,inhibition
5639,1.1.1.58,mana,inhibition
6776,1.1.1.86,mn2,inhibition
7007,1.1.1.94,dhap,inhibition
7010,1.1.1.94,g3p,inhibition
7011,1.1.1.94,2pg,inhibition
7032,1.1.1.94,nadp,inhibition
7034,1.1.1.94,nadph,inhibition
7037,1.1.1.94,pmtcoa,inhibition
7038,1.1.1.94,pep,inhibition
7051,1.1.1.95,ag,inhibition
7056,1.1.1.95,ala_b,inhibition
7071,1.1.1.95,ser__l,inhibition
7073,1.1.1.95,ser__l,inhibition
7074,1.1.1.95,ser__l,inhibition
7078,1.1.1.95,ser__l,inhibition
7079,1.1.1.95,ser__l,inhibition
7083,1.1.1.95,ser__l,inhibition
7084,1.1.1.95,ser__l,inhibition
7087,1.1.1.95,ser__l,inhibition
7104,1.1.1.95,nadh,inhibition
7173,1.1.1.100,nadp,inhibition
7615,1.1.1.140,man6p,inhibition
9649,1.1.1.169,adp,inhibition
9650,1.1.1.169,amp,inhibition
9651,1.1.1.169,atp,inhibition
9660,1.1.1.169,nadp,inhibition
9662,1.1.1.169,pant__r,inhibition
9664,1.1.1.169,pi,inhibition
10374,1.1.1.205,ca2,inhibition
10399,1.1.1.205,gmp,inhibition
10407,1.1.1.205,gmp,inhibition
10409,1.1.1.205,gmp,inhibition
10449,1.1.1.205,mg2,inhibition
10450,1.1.1.205,mg2,inhibition
10643,1.1.1.205,na1,inhibition
11596,1.1.1.271,gdp,inhibition
11599,1.1.1.271,nadp,inhibition
13836,1.2.1.3,ag,inhibition
13859,1.2.1.3,cobalt2,inhibition
13865,1.2.1.3,cu2,inhibition
13902,1.2.1.3,fe2,inhibition
13911,1.2.1.3,hg2,inhibition
13922,1.2.1.3,k,inhibition
13944,1.2.1.3,mg2,inhibition
13949,1.2.1.3,mn2,inhibition
13961,1.2.1.3,na1,inhibition
13973,1.2.1.3,ni2,inhibition
14020,1.2.1.3,zn2,inhibition
14176,1.2.1.8,acald,inhibition
14188,1.2.1.8,betald,inhibition
14196,1.2.1.8,ca2,inhibition
14199,1.2.1.8,chol,inhibition
14212,1.2.1.8,etha,inhibition
14220,1.2.1.8,hg2,inhibition
14247,1.2.1.8,sarcs,inhibition
14267,1.2.1.8,nadp,inhibition
14276,1.2.1.8,pacald,inhibition
14362,1.2.1.10,acald,inhibition
14453,1.2.1.11,gthox,inhibition
14882,1.2.1.21,fe2,inhibition
14883,1.2.1.21,gcald,inhibition
14884,1.2.1.21,glyclt,inhibition
14889,1.2.1.21,mn2,inhibition
14893,1.2.1.21,pydx,inhibition
14894,1.2.1.21,pydam,inhibition
14895,1.2.1.21,pyam5p,inhibition
14896,1.2.1.21,pydxn,inhibition
14897,1.2.1.21,pdx5p,inhibition
14898,1.2.1.21,zn2,inhibition
14900,1.2.1.22,ca2,inhibition
14902,1.2.1.22,cu2,inhibition
14903,1.2.1.22,cu2,inhibition
14905,1.2.1.22,gcald,inhibition
14909,1.2.1.22,lald__l,inhibition
14910,1.2.1.22,mthgxl,inhibition
14911,1.2.1.22,mg2,inhibition
14913,1.2.1.22,mn2,inhibition
14920,1.2.1.22,zn2,inhibition
15235,1.2.1.38,fe2,inhibition
15236,1.2.1.38,mn2,inhibition
15238,1.2.1.38,ni2,inhibition
15263,1.2.1.41,cobalt2,inhibition
15264,1.2.1.41,cu2,inhibition
15270,1.2.1.41,nadph,inhibition
15271,1.2.1.41,ni2,inhibition
17518,1.3.1.9,pmtcoa,inhibition
17595,1.3.1.10,pmtcoa,inhibition
19060,1.3.1.98,adp,inhibition
19061,1.3.1.98,adprib,inhibition
19080,1.3.1.98,nadp,inhibition
19081,1.3.1.98,nadp,inhibition
19082,1.3.1.98,nadph,inhibition
19090,1.3.1.98,udp,inhibition
19091,1.3.1.98,uaccg,inhibition
19093,1.3.1.98,uacgam,inhibition
19193,1.3.3.3,ppp9,inhibition
21730,1.3.99.22,h2o2,inhibition
22275,1.4.1.4,amp,inhibition
22279,1.4.1.4,ca2,inhibition
22323,1.4.1.4,hom__l,inhibition
22356,1.4.1.4,pydx5p,inhibition
22364,1.4.1.4,urea,inhibition
22366,1.4.1.4,zn2,inhibition
22501,1.4.1.13,adp,inhibition
22508,1.4.1.13,atp,inhibition
22523,1.4.1.13,acon_c,inhibition
22526,1.4.1.13,ctp,inhibition
22527,1.4.1.13,glu__d,inhibition
22537,1.4.1.13,met__d,inhibition
22544,1.4.1.13,gly,inhibition
22547,1.4.1.13,gtp,inhibition
22556,1.4.1.13,icit,inhibition
22559,1.4.1.13,itp,inhibition
22568,1.4.1.13,ala__l,inhibition
22572,1.4.1.13,asn__l,inhibition
22575,1.4.1.13,asp__l,inhibition
22578,1.4.1.13,cys__l,inhibition
22582,1.4.1.13,glu__l,inhibition
22584,1.4.1.13,glu__l,inhibition
22589,1.4.1.13,his__l,inhibition
22595,1.4.1.13,hom__l,inhibition
22602,1.4.1.13,mal__l,inhibition
22607,1.4.1.13,met__l,inhibition
22622,1.4.1.13,ser__l,inhibition
22642,1.4.1.13,nadp,inhibition
22644,1.4.1.13,nadp,inhibition
22655,1.4.1.13,nadph,inhibition
22679,1.4.1.13,pyr,inhibition
22684,1.4.1.13,succ,inhibition
22688,1.4.1.13,utp,inhibition
24985,1.4.3.5,pydx5p,inhibition
24988,1.4.3.5,pydx5p,inhibition
24996,1.4.3.5,pdx5p,inhibition
25229,1.4.3.16,asp__l,inhibition
25232,1.4.3.16,nad,inhibition
26123,1.5.1.2,nadh,inhibition
26129,1.5.1.2,nadph,inhibition
26922,1.5.1.3,ptrc,inhibition
26923,1.5.1.3,15dap,inhibition
27384,1.5.1.3,spmd,inhibition
27457,1.5.1.3,urea,inhibition
28841,1.6.1.1,ca2,inhibition
28847,1.6.1.1,dmso,inhibition
28858,1.6.1.1,nadph,inhibition
31032,1.7.1.4,aso3,inhibition
31033,1.7.1.4,aso3,inhibition
31038,1.7.1.4,cyan,inhibition
31065,1.7.1.4,nad,inhibition
31066,1.7.1.4,nad,inhibition
31067,1.7.1.4,nadp,inhibition
31088,1.7.1.4,so3,inhibition
31151,1.7.1.7,amp,inhibition
31826,1.7.99.4,cyan,inhibition
31859,1.7.99.4,h2s,inhibition
31915,1.8.1.2,ca2,inhibition
31931,1.8.1.2,cobalt2,inhibition
31932,1.8.1.2,cu2,inhibition
31934,1.8.1.2,fe2,inhibition
31935,1.8.1.2,fe3,inhibition
31936,1.8.1.2,hg2,inhibition
31945,1.8.1.2,nadp,inhibition
31958,1.8.1.2,h2s,inhibition
32831,1.8.1.9,nadp,inhibition
34144,1.8.4.8,pap,inhibition
34148,1.8.4.8,gthox,inhibition
36394,1.11.1.6,h2o2,inhibition
36401,1.11.1.6,h2o2,inhibition
42477,1.14.11.17,cobalt2,inhibition
42478,1.14.11.17,cobalt2,inhibition
42479,1.14.11.17,cu2,inhibition
42485,1.14.11.17,ni2,inhibition
42488,1.14.11.17,zn2,inhibition
42814,1.14.12.17,no,inhibition
51122,1.15.1.1,h2o2,inhibition
51210,1.15.1.1,h2s,inhibition
51574,1.16.3.1,zn2,inhibition
51594,1.17.1.2,ca2,inhibition
51595,1.17.1.2,cobalt2,inhibition
51596,1.17.1.2,cobalt2,inhibition
51597,1.17.1.2,fe2,inhibition
51599,1.17.1.2,mg2,inhibition
51600,1.17.1.2,mn2,inhibition
51605,1.17.1.2,ni2,inhibition
51613,1.17.1.2,zn2,inhibition
52436,1.17.4.1,cdp,inhibition
52452,1.17.4.1,cobalt2,inhibition
52471,1.17.4.1,datp,inhibition
52475,1.17.4.1,datp,inhibition
52476,1.17.4.1,datp,inhibition
52486,1.17.4.1,datp,inhibition
52525,1.17.4.1,dttp,inhibition
52554,1.17.4.1,cbm,inhibition
52699,1.17.4.1,udp,inhibition
54120,2.1.1.10,met__l,inhibition
54125,2.1.1.10,met__l,inhibition
54129,2.1.1.10,ahcys,inhibition
54132,2.1.1.10,amet,inhibition
56512,2.1.1.79,ahcys,inhibition
57372,2.1.1.144,acon_t,inhibition
57799,2.1.2.1,ala__d,inhibition
57935,2.1.2.1,urea,inhibition
58237,2.1.2.11,coa,inhibition
58239,2.1.2.11,fald,inhibition
58240,2.1.2.11,fald,inhibition
58242,2.1.2.11,val__l,inhibition
58245,2.1.2.11,pant__r,inhibition
58246,2.1.2.11,pnto__r,inhibition
58247,2.1.2.11,pyr,inhibition
58248,2.1.2.11,thf,inhibition
58249,2.1.2.11,thf,inhibition
58303,2.1.3.2,ctp,inhibition
58307,2.1.3.2,ctp,inhibition
58308,2.1.3.2,ctp,inhibition
58318,2.1.3.2,ctp,inhibition
58320,2.1.3.2,ctp,inhibition
58321,2.1.3.2,ctp,inhibition
58322,2.1.3.2,ctp,inhibition
58323,2.1.3.2,ctp,inhibition
58345,2.1.3.2,gtp,inhibition
58355,2.1.3.2,itp,inhibition
58446,2.1.3.2,utp,inhibition
58449,2.1.3.2,utp,inhibition
58457,2.1.3.2,utp,inhibition
58459,2.1.3.2,utp,inhibition
58461,2.1.3.2,utp,inhibition
58462,2.1.3.2,utp,inhibition
58486,2.1.3.3,aso4,inhibition
58538,2.1.3.3,asn__l,inhibition
58547,2.1.3.3,lys__l,inhibition
58564,2.1.3.3,ser__l,inhibition
58567,2.1.3.3,met__l,inhibition
58585,2.1.3.3,orn,inhibition
58600,2.1.3.3,pi,inhibition
58712,2.2.1.1,ara5p,inhibition
58751,2.2.1.1,urea,inhibition
58884,2.2.1.6,2obut,inhibition
59008,2.2.1.6,glx,inhibition
59010,2.2.1.6,hpyr,inhibition
59016,2.2.1.6,ile__l,inhibition
59022,2.2.1.6,ile__l,inhibition
59097,2.2.1.6,leu__l,inhibition
59099,2.2.1.6,leu__l,inhibition
59104,2.2.1.6,leu__l,inhibition
59116,2.2.1.6,leu__l,inhibition
59297,2.2.1.6,val__l,inhibition
59299,2.2.1.6,val__l,inhibition
59301,2.2.1.6,val__l,inhibition
59309,2.2.1.6,val__l,inhibition
59319,2.2.1.6,val__l,inhibition
59321,2.2.1.6,val__l,inhibition
59323,2.2.1.6,val__l,inhibition
59326,2.2.1.6,val__l,inhibition
59368,2.2.1.7,glyald,inhibition
59369,2.2.1.7,g3p,inhibition
59379,2.2.1.7,pyr,inhibition
59393,2.3.1.1,arg__l,inhibition
59409,2.3.1.1,cd2,inhibition
59413,2.3.1.1,coa,inhibition
59416,2.3.1.1,cu2,inhibition
59421,2.3.1.1,hg2,inhibition
59434,2.3.1.1,citr__l,inhibition
59450,2.3.1.1,acglu,inhibition
59475,2.3.1.1,zn2,inhibition
60070,2.3.1.9,aacoa,inhibition
60224,2.3.1.15,ca2,inhibition
60255,2.3.1.15,mg2,inhibition
60292,2.3.1.15,ocdcea,inhibition
60296,2.3.1.15,hdcea,inhibition
61336,2.3.1.30,atp,inhibition
61341,2.3.1.30,cys__l,inhibition
61342,2.3.1.30,cys__l,inhibition
61351,2.3.1.30,gly,inhibition
61353,2.3.1.30,gly,inhibition
61358,2.3.1.30,ala__l,inhibition
61392,2.3.1.30,ser__l,inhibition
61822,2.3.1.41,urea,inhibition
62010,2.3.1.46,met__d,inhibition
62016,2.3.1.46,met__l,inhibition
62018,2.3.1.46,met__l,inhibition
62020,2.3.1.46,amet,inhibition
62021,2.3.1.46,amet,inhibition
62039,2.3.1.47,8aonn,inhibition
62463,2.3.1.54,for,inhibition
62837,2.3.1.79,coa,inhibition
64026,2.3.1.129,u3aga,inhibition
64027,2.3.1.129,uacgam,inhibition
64284,2.3.1.157,acgam1p,inhibition
64387,2.3.1.157,uamr,inhibition
65260,2.3.1.191,ca2,inhibition
65378,2.3.1.241,dcacoa,inhibition
65379,2.3.1.241,tdcoa,inhibition
66907,2.3.3.9,oxa,inhibition
66927,2.3.3.9,pyr,inhibition
67595,2.4.1.1,adpglc,inhibition
67612,2.4.1.1,ag,inhibition
67716,2.4.1.1,ca2,inhibition
67749,2.4.1.1,cu2,inhibition
67775,2.4.1.1,glc__d,inhibition
67803,2.4.1.1,fe2,inhibition
67829,2.4.1.1,g1p,inhibition
67855,2.4.1.1,hg2,inhibition
68053,2.4.1.1,dtdpglu,inhibition
68086,2.4.1.1,zn2,inhibition
71923,2.4.1.227,udp,inhibition
72685,2.4.2.3,pi,inhibition
72689,2.4.2.3,r1p,inhibition
72694,2.4.2.3,ura,inhibition
72698,2.4.2.3,uri,inhibition
72956,2.4.2.4,r1p,inhibition
72958,2.4.2.4,so4,inhibition
72969,2.4.2.4,xan,inhibition
73215,2.4.2.8,ca2,inhibition
73288,2.4.2.8,ppgpp,inhibition
73301,2.4.2.8,zn2,inhibition
73312,2.4.2.9,prpp,inhibition
73364,2.4.2.10,ade,inhibition
73366,2.4.2.10,adn,inhibition
73368,2.4.2.10,adp,inhibition
73371,2.4.2.10,amp,inhibition
73375,2.4.2.10,atp,inhibition
73437,2.4.2.10,utp,inhibition
73529,2.4.2.14,amp,inhibition
73538,2.4.2.14,amp,inhibition
73569,2.4.2.14,gmp,inhibition
73578,2.4.2.14,gmp,inhibition
73581,2.4.2.14,gtp,inhibition
73586,2.4.2.14,imp,inhibition
73622,2.4.2.14,xmp,inhibition
73764,2.4.2.17,amp,inhibition
73766,2.4.2.17,amp,inhibition
73769,2.4.2.17,atp,inhibition
73791,2.4.2.17,his__l,inhibition
73796,2.4.2.17,his__l,inhibition
73814,2.4.2.18,trp__l,inhibition
73859,2.4.2.19,ppi,inhibition
73906,2.4.2.19,nicrnt,inhibition
75163,2.5.1.3,actp,inhibition
75164,2.5.1.3,actp,inhibition
75166,2.5.1.3,adp,inhibition
75167,2.5.1.3,atp,inhibition
75168,2.5.1.3,atp,inhibition
75172,2.5.1.3,ctp,inhibition
75175,2.5.1.3,ppi,inhibition
75178,2.5.1.3,gtp,inhibition
75183,2.5.1.3,pep,inhibition
75187,2.5.1.3,utp,inhibition
75409,2.5.1.6,pppi,inhibition
75540,2.5.1.7,cobalt2,inhibition
75541,2.5.1.7,cu2,inhibition
75562,2.5.1.7,fe2,inhibition
75698,2.5.1.7,uamr,inhibition
75700,2.5.1.7,uamr,inhibition
75702,2.5.1.7,uama,inhibition
75703,2.5.1.7,uamag,inhibition
75710,2.5.1.7,ugmda,inhibition
75711,2.5.1.7,zn2,inhibition
76082,2.5.1.16,5mta,inhibition
76189,2.5.1.16,ametam,inhibition
76211,2.5.1.16,spmd,inhibition
76756,2.5.1.19,3psme,inhibition
76831,2.5.1.19,pep,inhibition
76833,2.5.1.19,pyr,inhibition
77324,2.5.1.39,ca2,inhibition
77326,2.5.1.39,cd2,inhibition
77332,2.5.1.39,cu2,inhibition
77337,2.5.1.39,fe2,inhibition
77367,2.5.1.39,zn2,inhibition
77787,2.5.1.54,2pg,inhibition
77811,2.5.1.54,cyan,inhibition
77816,2.5.1.54,cu2,inhibition
77820,2.5.1.54,e4p,inhibition
77853,2.5.1.54,fe2,inhibition
77904,2.5.1.54,phe__l,inhibition
77905,2.5.1.54,phe__l,inhibition
77906,2.5.1.54,phe__l,inhibition
77911,2.5.1.54,phe__l,inhibition
77915,2.5.1.54,phe__l,inhibition
77916,2.5.1.54,phe__l,inhibition
77921,2.5.1.54,pi,inhibition
77939,2.5.1.54,trp__l,inhibition
77950,2.5.1.54,tyr__l,inhibition
77951,2.5.1.54,tyr__l,inhibition
77952,2.5.1.54,tyr__l,inhibition
77960,2.5.1.54,tyr__l,inhibition
77989,2.5.1.55,cd2,inhibition
77995,2.5.1.55,cu2,inhibition
78016,2.5.1.55,hg2,inhibition
78017,2.5.1.55,hg2,inhibition
78026,2.5.1.55,zn2,inhibition
79145,2.5.1.72,h2o2,inhibition
79146,2.5.1.72,o2,inhibition
80090,2.6.1.16,sbt6p,inhibition
80091,2.6.1.16,gam6p,inhibition
80092,2.6.1.16,gam6p,inhibition
80095,2.6.1.16,1pyr5c,inhibition
80166,2.6.1.17,akg,inhibition
80218,2.6.1.19,akg,inhibition
80469,2.6.1.29,cyan,inhibition
80608,2.6.1.42,akg,inhibition
81042,2.6.1.62,8aonn,inhibition
81051,2.6.1.62,ade,inhibition
81052,2.6.1.62,adn,inhibition
81083,2.6.1.62,ahcys,inhibition
81109,2.6.1.66,ala__l,inhibition
81112,2.6.1.66,leu__l,inhibition
81967,2.7.1.11,atp,inhibition
81978,2.7.1.11,atp,inhibition
82002,2.7.1.11,cit,inhibition
82032,2.7.1.11,cit,inhibition
82044,2.7.1.11,cit,inhibition
82096,2.7.1.11,f6p,inhibition
82244,2.7.1.11,pep,inhibition
82291,2.7.1.15,atp,inhibition
82292,2.7.1.15,atp,inhibition
82300,2.7.1.15,rib__d,inhibition
82311,2.7.1.15,mg2,inhibition
83139,2.7.1.21,dttp,inhibition
83299,2.7.1.23,nadh,inhibition
83313,2.7.1.23,nadp,inhibition
83321,2.7.1.23,nadph,inhibition
83382,2.7.1.25,adp,inhibition
83387,2.7.1.25,atp,inhibition
83391,2.7.1.25,cd2,inhibition
83394,2.7.1.25,cobalt2,inhibition
83408,2.7.1.25,mn2,inhibition
83416,2.7.1.25,gthox,inhibition
83511,2.7.1.30,atp,inhibition
84048,2.7.1.33,coa,inhibition
84052,2.7.1.33,coa,inhibition
84056,2.7.1.33,coa,inhibition
84058,2.7.1.33,coa,inhibition
84067,2.7.1.33,dpcoa,inhibition
84127,2.7.1.33,pan4p,inhibition
84382,2.7.1.39,aspsa,inhibition
84387,2.7.1.39,hom__l,inhibition
84390,2.7.1.39,hom__l,inhibition
84411,2.7.1.39,thr__l,inhibition
84412,2.7.1.39,thr__l,inhibition
84888,2.7.1.45,mn2,inhibition
84931,2.7.1.49,4ahmmp,inhibition
84933,2.7.1.49,pydxn,inhibition
84966,2.7.1.56,adp,inhibition
85005,2.7.1.59,adp,inhibition
85332,2.7.1.69,g6p,inhibition
85341,2.7.1.69,mnl1p,inhibition
87829,2.7.2.4,lys__l,inhibition
87861,2.7.2.4,thr__l,inhibition
87929,2.7.2.8,arg__l,inhibition
87977,2.7.2.11,pro__l,inhibition
88513,2.7.4.3,ap5a,inhibition
89167,2.7.4.16,adp,inhibition
89175,2.7.4.16,na1,inhibition
89351,2.7.6.1,adp,inhibition
89386,2.7.6.1,ca2,inhibition
90661,2.7.7.12,gal1p,inhibition
90664,2.7.7.12,gal1p,inhibition
90667,2.7.7.12,g1p,inhibition
90700,2.7.7.12,udpgal,inhibition
90701,2.7.7.12,udpgal,inhibition
90705,2.7.7.12,udpg,inhibition
90869,2.7.7.18,nad,inhibition
91136,2.7.7.23,uacgam,inhibition
91140,2.7.7.24,dtdpglu,inhibition
91142,2.7.7.24,dttp,inhibition
91192,2.7.7.27,adp,inhibition
91304,2.7.7.27,amp,inhibition
91339,2.7.7.27,gtp,inhibition
91416,2.7.7.27,pi,inhibition
91445,2.7.7.27,pi,inhibition
91746,2.7.7.38,ppi,inhibition
91747,2.7.7.38,hg2,inhibition
91777,2.7.7.41,ctp,inhibition
91780,2.7.7.41,dctp,inhibition
93600,2.7.7.60,ctp,inhibition
93605,2.7.7.63,cu2,inhibition
93876,2.7.8.5,mg2,inhibition
93916,2.7.8.7,apoacp,inhibition
94311,2.7.9.2,g3p,inhibition
94315,2.7.9.2,adpglc,inhibition
94318,2.7.9.2,atp,inhibition
94319,2.7.9.2,ca2,inhibition
94323,2.7.9.2,mg2,inhibition
94324,2.7.9.2,mn2,inhibition
94329,2.7.9.2,pep,inhibition
94335,2.7.9.3,amp,inhibition
94338,2.7.9.3,h2o2,inhibition
94341,2.7.9.3,na1,inhibition
94343,2.7.9.3,pi,inhibition
94345,2.7.9.3,selnp,inhibition
94346,2.7.9.3,zn2,inhibition
99823,2.8.1.1,tsul,inhibition
99834,2.8.1.2,cyan,inhibition
99848,2.8.1.2,pyr,inhibition
101034,2.8.3.16,coa,inhibition
101038,2.8.3.16,oxa,inhibition
112919,3.1.3.7,mg2,inhibition
113585,3.1.3.11,amp,inhibition
113628,3.1.3.11,amp,inhibition
113635,3.1.3.11,amp,inhibition
113636,3.1.3.11,amp,inhibition
113654,3.1.3.11,atp,inhibition
113715,3.1.3.11,g6p,inhibition
114148,3.1.3.15,ca2,inhibition
115077,3.1.3.25,mg2,inhibition
115399,3.1.3.27,pi,inhibition
117400,3.1.3.89,adp,inhibition
117401,3.1.3.89,atp,inhibition
117402,3.1.3.89,ctp,inhibition
117403,3.1.3.89,datp,inhibition
117404,3.1.3.89,dctp,inhibition
117405,3.1.3.89,dgtp,inhibition
117406,3.1.3.89,dttp,inhibition
117407,3.1.3.89,gtp,inhibition
117408,3.1.3.89,itp,inhibition
117409,3.1.3.89,dttp,inhibition
117410,3.1.3.89,utp,inhibition
118922,3.1.4.16,zn2,inhibition
120021,3.1.4.46,mg2,inhibition
120022,3.1.4.46,mn2,inhibition
120453,3.1.5.1,dgtp,inhibition
120455,3.1.5.1,gtp,inhibition
129413,3.2.1.20,k,inhibition
130891,3.2.1.23,ca2,inhibition
130914,3.2.1.23,cit,inhibition
131095,3.2.1.23,fe2,inhibition
132316,3.2.1.28,k,inhibition
132368,3.2.1.28,na1,inhibition
139039,3.2.2.4,pi,inhibition
139395,3.2.2.9,ade,inhibition
139397,3.2.2.9,ade,inhibition
139425,3.2.2.9,ahcys,inhibition
139427,3.2.2.9,ahcys,inhibition
147669,3.4.13.18,cobalt2,inhibition
147705,3.4.13.18,mn2,inhibition
152318,3.4.16.4,fald,inhibition
187278,3.5.1.16,ac,inhibition
187301,3.5.1.16,orn,inhibition
187757,3.5.1.25,ac,inhibition
187758,3.5.1.25,ac,inhibition
187776,3.5.1.25,gam6p,inhibition
187784,3.5.1.25,acgam6p,inhibition
191017,3.5.1.108,zn2,inhibition
192407,3.5.3.11,arg__l,inhibition
192420,3.5.3.11,orn,inhibition
192421,3.5.3.11,ptrc,inhibition
192422,3.5.3.11,ptrc,inhibition
192822,3.5.4.1,cu2,inhibition
192846,3.5.4.1,h2o2,inhibition
192904,3.5.4.1,zn2,inhibition
192930,3.5.4.2,mn2,inhibition
193408,3.5.4.5,adn,inhibition
193429,3.5.4.5,dad_2,inhibition
193430,3.5.4.5,dad_2,inhibition
193433,3.5.4.5,dgsn,inhibition
193436,3.5.4.5,duri,inhibition
193437,3.5.4.5,duri,inhibition
193457,3.5.4.5,gsn,inhibition
193499,3.5.4.5,uri,inhibition
193500,3.5.4.5,urea,inhibition
193502,3.5.4.5,uri,inhibition
193504,3.5.4.5,uri,inhibition
193515,3.5.4.5,zn2,inhibition
193843,3.5.4.13,dttp,inhibition
193883,3.5.4.16,adp,inhibition
193887,3.5.4.16,atp,inhibition
193915,3.5.4.16,dgtp,inhibition
193982,3.5.4.16,pi,inhibition
193995,3.5.4.16,dttp,inhibition
193997,3.5.4.16,utp,inhibition
194128,3.5.4.25,ppi,inhibition
194130,3.5.4.25,ppi,inhibition
194131,3.5.4.25,ppi,inhibition
194134,3.5.4.25,pi,inhibition
194525,3.5.99.6,zn2,inhibition
194589,3.6.1.1,atp,inhibition
194669,3.6.1.1,ppi,inhibition
195934,3.6.1.19,atp,inhibition
195937,3.6.1.19,ctp,inhibition
195938,3.6.1.19,datp,inhibition
195939,3.6.1.19,dctp,inhibition
195940,3.6.1.19,dgtp,inhibition
195942,3.6.1.19,dttp,inhibition
195954,3.6.1.19,utp,inhibition
196293,3.6.1.23,mg2,inhibition
196358,3.6.1.26,amp,inhibition
196362,3.6.1.26,cmp,inhibition
196364,3.6.1.26,ump,inhibition
196522,3.6.1.41,cu2,inhibition
196531,3.6.1.41,fe2,inhibition
196543,3.6.1.41,zn2,inhibition
196544,3.6.1.41,zn2,inhibition
196574,3.6.1.45,adpglc,inhibition
196630,3.6.1.67,dhpmp,inhibition
196631,3.6.1.67,ppi,inhibition
196633,3.6.1.67,dttp,inhibition
196758,3.6.3.2,mn2,inhibition
196810,3.6.3.5,cd2,inhibition
196813,3.6.3.5,cu2,inhibition
197826,3.6.3.14,ppi,inhibition
197999,3.6.3.16,atp,inhibition
198033,3.6.3.20,pydx5p,inhibition
198157,3.6.3.31,spmd,inhibition
198158,3.6.3.31,spmd,inhibition
201572,4.1.1.15,zn2,inhibition
201883,4.1.1.18,ppgpp,inhibition
201884,4.1.1.18,ppgpp,inhibition
201885,4.1.1.18,gdptp,inhibition
201937,4.1.1.19,citr__l,inhibition
202035,4.1.1.19,orn,inhibition
202102,4.1.1.20,lys__l,inhibition
202514,4.1.1.23,ump,inhibition
203660,4.1.1.49,atp,inhibition
203785,4.1.1.49,oxa,inhibition
203805,4.1.1.50,ametam,inhibition
204126,4.1.1.50,amet,inhibition
204481,4.1.1.85,6pgc,inhibition
204918,4.1.2.13,g3p,inhibition
204984,4.1.2.13,ni2,inhibition
205070,4.1.2.17,mthgxl,inhibition
205073,4.1.2.17,zn2,inhibition
205080,4.1.2.19,cobalt2,inhibition
205089,4.1.2.19,ni2,inhibition
205093,4.1.2.19,pi,inhibition
205096,4.1.2.20,cyan,inhibition
205116,4.1.2.25,6hmhpt,inhibition
205136,4.1.2.25,dhf,inhibition
205138,4.1.2.25,dhpt,inhibition
205813,4.1.3.1,glyclt,inhibition
205826,4.1.3.1,glx,inhibition
205983,4.1.3.1,pep,inhibition
206045,4.1.3.3,ag,inhibition
206054,4.1.3.3,cu2,inhibition
206058,4.1.3.3,cu2,inhibition
206066,4.1.3.3,dha,inhibition
206072,4.1.3.3,fe2,inhibition
206076,4.1.3.3,hg2,inhibition
206084,4.1.3.3,h2o2,inhibition
206087,4.1.3.3,mn2,inhibition
206108,4.1.3.3,pyr,inhibition
206110,4.1.3.3,pyr,inhibition
206116,4.1.3.3,zn2,inhibition
206150,4.1.3.6,oaa,inhibition
206325,4.1.3.27,trp__l,inhibition
206465,4.1.3.40,4hbz,inhibition
206519,4.1.99.1,ala__l,inhibition
206520,4.1.99.1,ala__l,inhibition
206521,4.1.99.1,ala__l,inhibition
206543,4.1.99.1,met__l,inhibition
206546,4.1.99.1,trp__l,inhibition
209234,4.2.1.2,glyc,inhibition
209389,4.2.1.7,glcr,inhibition
209391,4.2.1.7,fe2,inhibition
209421,4.2.1.9,cu2,inhibition
209445,4.2.1.9,no,inhibition
209447,4.2.1.9,no,inhibition
209716,4.2.1.10,cu2,inhibition
209722,4.2.1.10,fe2,inhibition
209757,4.2.1.10,zn2,inhibition
209864,4.2.1.12,h2o2,inhibition
209866,4.2.1.12,o2,inhibition
210540,4.2.1.40,cobalt2,inhibition
210546,4.2.1.40,mn2,inhibition
210573,4.2.1.46,ag,inhibition
210605,4.2.1.47,gdp,inhibition
210615,4.2.1.47,gdpfuc,inhibition
212438,4.2.3.1,4hthr,inhibition
212439,4.2.3.1,4hthr,inhibition
212475,4.2.3.3,2pglyc,inhibition
212510,4.2.3.3,pi,inhibition
212511,4.2.3.3,pi,inhibition
212517,4.2.3.3,2pglyc,inhibition
213126,4.3.1.1,aspsa,inhibition
213139,4.3.1.1,dmso,inhibition
213147,4.3.1.1,etoh,inhibition
213164,4.3.1.1,meoh,inhibition
213175,4.3.1.1,na1,inhibition
213182,4.3.1.1,pser__l,inhibition
213190,4.3.1.1,succ,inhibition
213428,4.3.1.7,appl,inhibition
213450,4.3.1.7,urea,inhibition
213712,4.3.1.19,ile__l,inhibition
213719,4.3.1.19,ile__l,inhibition
213721,4.3.1.19,ile__l,inhibition
213725,4.3.1.19,ile__l,inhibition
213733,4.3.1.19,ile__l,inhibition
213797,4.3.1.19,pyr,inhibition
215021,4.4.1.8,cys__l,inhibition
215350,4.4.1.15,cys__l,inhibition
215739,4.6.1.1,atp,inhibition
215791,4.6.1.1,cobalt2,inhibition
217360,5.1.3.2,ump,inhibition
217372,5.1.3.2,dtdpglu,inhibition
217419,5.1.3.2,nadh,inhibition
218546,5.3.1.4,mn2,inhibition
218605,5.3.1.5,glc__d,inhibition
219108,5.3.1.13,cd2,inhibition
219109,5.3.1.13,cd2,inhibition
219116,5.3.1.13,4per,inhibition
219118,5.3.1.13,hg2,inhibition
219119,5.3.1.13,hg2,inhibition
219129,5.3.1.13,zn2,inhibition
219130,5.3.1.13,zn2,inhibition
219131,5.3.1.13,zn2,inhibition
219133,5.3.1.13,zn2,inhibition
219134,5.3.1.13,zn2,inhibition
219198,5.3.1.24,2cpr5p,inhibition
220830,5.4.2.7,ca2,inhibition
220831,5.4.2.7,cd2,inhibition
220832,5.4.2.7,cu2,inhibition
220833,5.4.2.7,fe3,inhibition
220834,5.4.2.7,pi,inhibition
220835,5.4.2.7,so4,inhibition
220836,5.4.2.7,zn2,inhibition
220877,5.4.2.10,ca2,inhibition
220879,5.4.2.10,mn2,inhibition
220880,5.4.2.10,zn2,inhibition
221306,5.4.99.5,pphn,inhibition
221307,5.4.99.5,pphn,inhibition
224570,6.1.1.1,amp,inhibition
224572,6.1.1.1,cl,inhibition
224574,6.1.1.1,ppi,inhibition
224599,6.1.1.1,so4,inhibition
224774,6.1.1.3,h2o2,inhibition
224787,6.1.1.3,zn2,inhibition
224946,6.1.1.5,ppi,inhibition
225044,6.1.1.6,mg2,inhibition
225049,6.1.1.6,orn,inhibition
225069,6.1.1.7,urea,inhibition
225242,6.1.1.10,adn,inhibition
225588,6.1.1.16,cys__l,inhibition
225975,6.1.1.20,zn2,inhibition
225976,6.1.1.20,zn2,inhibition
225995,6.1.1.21,ppi,inhibition
226007,6.1.1.21,mg2,inhibition
226310,6.2.1.5,adp,inhibition
226357,6.2.1.5,succ,inhibition
226580,6.2.1.26,mg2,inhibition
226897,6.3.1.2,amp,inhibition
226934,6.3.1.2,ctp,inhibition
226994,6.3.1.2,his__l,inhibition
227208,6.3.1.2,trp__l,inhibition
227260,6.3.1.5,mg2,inhibition
227261,6.3.1.5,mn2,inhibition
227515,6.3.2.1,23dappa,inhibition
227524,6.3.2.1,3hpp,inhibition
227528,6.3.2.1,4abut,inhibition
227578,6.3.2.1,asp__l,inhibition
227579,6.3.2.1,asp__l,inhibition
227589,6.3.2.1,cys__l,inhibition
227594,6.3.2.1,fe2,inhibition
227596,6.3.2.1,glcn,inhibition
227597,6.3.2.1,glyclt,inhibition
227604,6.3.2.1,val__l,inhibition
227614,6.3.2.1,mg2,inhibition
227615,6.3.2.1,mn2,inhibition
227635,6.3.2.1,ni2,inhibition
227646,6.3.2.1,taur,inhibition
228173,6.3.2.6,imp,inhibition
228274,6.3.2.8,cys__l,inhibition
228469,6.3.2.10,ac,inhibition
228471,6.3.2.10,but,inhibition
228474,6.3.2.10,for,inhibition
228482,6.3.2.10,ppa,inhibition
228567,6.3.2.13,but,inhibition
228655,6.3.2.17,dhf,inhibition
228656,6.3.2.17,dhpt,inhibition
228896,6.3.3.3,adp,inhibition
228905,6.3.3.3,dtbt,inhibition
228923,6.3.4.2,dgtp,inhibition
228954,6.3.4.2,cobalt2,inhibition
228964,6.3.4.2,ctp,inhibition
228968,6.3.4.2,cu2,inhibition
228974,6.3.4.2,1pyr5c,inhibition
228982,6.3.4.2,gtp,inhibition
228983,6.3.4.2,gtp,inhibition
228984,6.3.4.2,gtp,inhibition
228991,6.3.4.2,itp,inhibition
228993,6.3.4.2,mn2,inhibition
229001,6.3.4.2,ni2,inhibition
229017,6.3.4.2,urate,inhibition
229021,6.3.4.2,xan,inhibition
229023,6.3.4.2,zn2,inhibition
229180,6.3.4.4,ppgpp,inhibition
229256,6.3.4.4,succ,inhibition
229653,6.3.5.2,ppi,inhibition
229662,6.3.5.2,gmp,inhibition
229693,6.3.5.2,xmp,inhibition
229767,6.3.5.4,asn__l,inhibition
229793,6.3.5.4,ppi,inhibition
229903,6.3.5.5,h2o2,inhibition
229908,6.3.5.5,imp,inhibition
229909,6.3.5.5,imp,inhibition
229925,6.3.5.5,ap5a,inhibition
229933,6.3.5.5,udp,inhibition
229936,6.3.5.5,ump,inhibition
229937,6.3.5.5,ump,inhibition
229940,6.3.5.5,ump,inhibition
229941,6.3.5.5,ump,inhibition
229943,6.3.5.5,ump,inhibition
229944,6.3.5.5,ump,inhibition
229945,6.3.5.5,ump,inhibition
229947,6.3.5.5,ump,inhibition
229949,6.3.5.5,ump,inhibition
229953,6.3.5.5,ump,inhibition
229954,6.3.5.5,ump,inhibition
229958,6.3.5.5,utp,inhibition
229965,6.3.5.5,utp,inhibition
