,EC_number,dG0_prime,dG0_prime_std,dGm_prime,logRI,formula,Regulation,Activation,Inhibition,KI_Value,Num_Refs,Num_Regs,$| log(\Gamma) |$
2dgulrgx,,-15.75,0.95,-15.75,-3.18,C00004 + C06473 <=> C00003 + C00257,not regulated,not activated,not inhibited,no $K_I$,0,0,3.18
2dgulrgy,1.1.1.215,-15.94,0.89,-15.94,-3.22,C00005 + C06473 <=> C00006 + C00257,not regulated,not activated,not inhibited,no $K_I$,0,0,3.22
2dgulrx,,-11.03,3.42,-11.03,-2.23,C00004 + C06473 <=> C00003 + C00770,not regulated,not activated,not inhibited,no $K_I$,0,0,2.23
2dgulry,,-11.21,3.41,-11.21,-2.26,C00005 + C06473 <=> C00006 + C00770,not regulated,not activated,not inhibited,no $K_I$,0,0,2.26
2mahmp,,-24.06,1.79,-41.18,-11.08,C00001 + C04752 <=> C00009 + C04556,not regulated,not activated,not inhibited,no $K_I$,0,0,11.08
3hpppnh,,-438.86,3.56,-421.74,-68.09,C00004 + C00007 + C11457 <=> C00001 + C00003 + C04044,not regulated,not activated,not inhibited,no $K_I$,0,0,68.09
3kgk,,-16.44,1.22,-16.44,-3.32,C00002 + C00618 <=> C00008 + C14899,regulated,not activated,inhibited,no $K_I$,0,1,3.32
3oxcoat,,-29.69,2.67,-29.69,-5.99,C00010 + C02232 <=> C00024 + C00091,not regulated,not activated,not inhibited,no $K_I$,0,0,5.99
4hthrs,,-13.65,1.23,-30.77,-8.28,C00001 + C06055 <=> C00009 + C06056,regulated,not activated,inhibited,has $K_I$,2,2,8.28
5dglcnr,1.1.1.69,-23.04,3.31,-23.04,-4.65,C00005 + C01062 <=> C00006 + C00257,not regulated,not activated,not inhibited,no $K_I$,0,0,4.65
a5piso,5.3.1.13,-2.62,1.74,-2.62,-1.06,C00199 <=> C01112,regulated,not activated,inhibited,no $K_I$,10,8,1.06
ab6pgh,3.2.1.86,33.68,2.55,16.57,4.46,C00001 + C06187 <=> C00092 + C00530,regulated,not activated,inhibited,no $K_I$,1,6,4.46
abta,2.6.1.19,6.47,1.48,6.47,1.31,C00026 + C00334 <=> C00025 + C00232,regulated,not activated,inhibited,has $K_I$,1,3,1.31
abutd,1.2.1.19,-51.84,1.98,-51.84,-10.46,C00001 + C00003 + C00555 <=> C00004 + C00334,regulated,not activated,inhibited,no $K_I$,1,11,10.46
acacct,,5.73,1.42,5.73,1.16,C00024 + C00164 <=> C00033 + C00332,not regulated,not activated,not inhibited,no $K_I$,0,0,1.16
acact1r,2.3.1.9,26.07,0.87,26.07,5.26,2 C00024 <=> C00010 + C00332,regulated,not activated,inhibited,no $K_I$,1,1,5.26
acact2r,2.3.1.16,35.02,1.95,35.02,7.07,C00024 + C00136 <=> C00010 + C05269,not regulated,not activated,not inhibited,no $K_I$,0,0,7.07
acact3r,2.3.1.16,32.46,1.35,32.46,6.55,C00024 + C05270 <=> C00010 + C05267,not regulated,not activated,not inhibited,no $K_I$,0,0,6.55
acact4r,2.3.1.16,32.46,1.35,32.46,6.55,C00024 + C01944 <=> C00010 + C05265,not regulated,not activated,not inhibited,no $K_I$,0,0,6.55
acact5r,2.3.1.16,32.46,1.35,32.46,6.55,C00024 + C05274 <=> C00010 + C05263,not regulated,not activated,not inhibited,no $K_I$,0,0,6.55
acact6r,2.3.1.16,32.46,1.35,32.46,6.55,C00024 + C01832 <=> C00010 + C05261,not regulated,not activated,not inhibited,no $K_I$,0,0,6.55
acact7r,2.3.1.16,32.46,1.35,32.46,6.55,C00024 + C02593 <=> C00010 + C05259,not regulated,not activated,not inhibited,no $K_I$,0,0,6.55
acact8r,2.3.1.16,-34.6,1.89,-34.6,-6.98,C00010 + C16216 <=> C00024 + C00154,not regulated,not activated,not inhibited,no $K_I$,0,0,6.98
acald,1.2.1.10,-19.44,1.21,-2.32,-0.38,C00003 + C00010 + C00084 <=> C00004 + C00024,regulated,activated,inhibited,has $K_I$,2,4,0.38
acanthat,2.3.1.118,-18.2,3.12,-18.2,-3.67,C00024 + C00108 <=> C00010 + C06332,not regulated,not activated,not inhibited,no $K_I$,0,0,3.67
accoac,6.4.1.2,-6.05,1.53,-6.05,-0.81,C00002 + C00024 + C00288 <=> C00008 + C00009 + C00083,regulated,activated,inhibited,no $K_I$,3,3,0.81
accoal,6.2.1.13,15.73,2.98,15.73,2.12,C00002 + C00010 + C00163 <=> C00008 + C00009 + C00100,not regulated,not activated,not inhibited,no $K_I$,0,0,2.12
acgam1pppp,3.1.3.10,-19.3,2.62,-36.42,-9.8,C00001 + C04256 <=> C00009 + C00140,not regulated,not activated,not inhibited,no $K_I$,0,0,9.8
acgamk,2.7.1.59,-12.42,2.57,-12.42,-2.51,C00002 + C00140 <=> C00008 + C00357,regulated,not activated,inhibited,no $K_I$,1,1,2.51
acgamt,,4.32,4.99,4.32,0.87,C00043 + C00348 <=> C00105 + C01289,not regulated,not activated,not inhibited,no $K_I$,0,0,0.87
acgaptspp,,-38.23,2.62,-38.23,-7.71,C00074 + C00140 <=> C00022 + C00357,not regulated,not activated,not inhibited,no $K_I$,0,0,7.71
acgk,2.7.2.8,30.94,2.99,30.94,6.24,C00002 + C00624 <=> C00008 + C04133,regulated,not activated,inhibited,has $K_I$,2,2,6.24
acgs,2.3.1.1,-30.2,3.29,-30.2,-6.1,C00024 + C00025 <=> C00010 + C00624,regulated,not activated,inhibited,no $K_I$,5,8,6.1
achbs,,-19.79,4.96,-19.79,-3.99,C00022 + C00109 <=> C00011 + C06006,regulated,not activated,inhibited,no $K_I$,10,6,3.99
ackr,2.7.2.1,14.49,0.55,14.49,2.92,C00002 + C00033 <=> C00008 + C00227,not regulated,not activated,not inhibited,no $K_I$,0,0,2.92
acls,4.1.3.18,-30.15,3.77,-30.15,-6.08,2 C00022 <=> C00011 + C06010,not regulated,not activated,not inhibited,no $K_I$,0,0,6.08
acm6ph,,-5.12,3.31,-22.24,-5.98,C00001 + C16698 <=> C00256 + C00357,not regulated,not activated,not inhibited,no $K_I$,0,0,5.98
acmanaptspp,,-39.77,3.1,-39.77,-8.03,C00074 + C00645 <=> C00022 + C04257,not regulated,not activated,not inhibited,no $K_I$,0,0,8.03
acnml,4.1.3.3,7.86,0.89,-9.25,-2.49,C00270 <=> C00022 + C00645,regulated,not activated,inhibited,no $K_I$,3,10,2.49
acoad1f,1.3.99.2,42.85,3.97,42.85,8.65,C00016 + C00136 <=> C00877 + C01352,not regulated,not activated,not inhibited,no $K_I$,0,0,8.65
acoad2f,1.3.99.3,48.05,3.7,48.05,9.7,C00016 + C05270 <=> C01352 + C05271,not regulated,not activated,not inhibited,no $K_I$,0,0,9.7
acoad3f,1.3.99.3,49.18,3.23,49.18,9.92,C00016 + C01944 <=> C01352 + C05276,not regulated,not activated,not inhibited,no $K_I$,0,0,9.92
acoad4f,1.3.99.3,49.18,3.23,49.18,9.92,C00016 + C05274 <=> C01352 + C05275,not regulated,not activated,not inhibited,no $K_I$,0,0,9.92
acoad5f,1.3.99.3,49.18,3.23,49.18,9.92,C00016 + C01832 <=> C01352 + C03221,not regulated,not activated,not inhibited,no $K_I$,0,0,9.92
acoad6f,1.3.99.3,49.18,3.23,49.18,9.92,C00016 + C02593 <=> C01352 + C05273,not regulated,not activated,not inhibited,no $K_I$,0,0,9.92
acoad7f,1.3.99.3,51.32,3.57,51.32,10.36,C00016 + C00154 <=> C01352 + C05272,not regulated,not activated,not inhibited,no $K_I$,0,0,10.36
acoad8f,1.3.99.3,49.18,3.23,49.18,9.92,C00016 + C00412 <=> C01352 + C16218,not regulated,not activated,not inhibited,no $K_I$,0,0,9.92
aconis,5.3.3.7,3.69,2.78,3.69,1.49,C02341 <=> C00417,not regulated,not activated,not inhibited,no $K_I$,0,0,1.49
aconta,4.2.1.3,8.32,1.14,8.32,3.36,C00158 <=> C00001 + C00417,not regulated,not activated,not inhibited,no $K_I$,0,0,3.36
acontb,4.2.1.3,-0.69,1.15,-0.69,-0.28,C00001 + C00417 <=> C00311,not regulated,not activated,not inhibited,no $K_I$,0,0,0.28
acs,6.2.1.1,-5.84,0.41,-5.84,-0.79,C00002 + C00010 + C00033 <=> C00013 + C00020 + C00024,regulated,not activated,inhibited,no $K_I$,0,3,0.79
adcl,,-63.41,6.66,-80.52,-21.67,C11355 <=> C00022 + C00568,not regulated,not activated,not inhibited,no $K_I$,0,0,21.67
adcs,2.6.1.85,-15.95,3.08,-15.95,-3.22,C00064 + C00251 <=> C00025 + C11355,regulated,activated,not inhibited,no $K_I$,1,2,3.22
adk1,2.7.4.3,-1.33,0.16,-1.33,-0.27,C00002 + C00020 <=> 2 C00008,regulated,activated,inhibited,no $K_I$,4,3,0.27
adk3,,1.17,1.35,1.17,0.24,C00020 + C00044 <=> C00008 + C00035,not regulated,not activated,not inhibited,no $K_I$,0,0,0.24
adk4,,-5.05,1.48,-5.05,-1.02,C00020 + C00081 <=> C00008 + C00104,not regulated,not activated,not inhibited,no $K_I$,0,0,1.02
admdc,4.1.1.50,-21.01,3.11,-38.12,-10.26,C00019 <=> C00011 + C01137,regulated,activated,inhibited,no $K_I$,6,11,10.26
adncyc,4.6.1.1,5.91,1.0,-11.2,-3.01,C00002 <=> C00013 + C00575,regulated,not activated,inhibited,no $K_I$,6,8,3.01
adnk1,2.7.1.20,-13.23,1.44,-13.23,-2.67,C00002 + C00212 <=> C00008 + C00020,not regulated,not activated,not inhibited,no $K_I$,0,0,2.67
adnuc,3.2.2.8,-4.83,1.76,-21.95,-5.91,C00001 + C00212 <=> C00121 + C00147,not regulated,not activated,not inhibited,no $K_I$,0,0,5.91
adprdp,3.6.1.13,-26.64,3.74,-43.76,-11.77,C00001 + C00301 <=> C00020 + C00117,not regulated,not activated,not inhibited,no $K_I$,0,0,11.77
adpt,2.4.2.7,-16.91,1.35,-16.91,-3.41,C00119 + C00147 <=> C00013 + C00020,regulated,activated,inhibited,no $K_I$,1,7,3.41
adsk,2.7.1.25,-16.36,5.86,-16.36,-3.3,C00002 + C00224 <=> C00008 + C00053,regulated,activated,inhibited,has $K_I$,2,11,3.3
adsl1r,4.3.2.2,11.74,1.39,-5.37,-1.45,C03794 <=> C00020 + C00122,not regulated,not activated,not inhibited,no $K_I$,0,0,1.45
adsl2r,4.3.2.2,15.1,2.96,-2.01,-0.54,C04823 <=> C00122 + C04677,not regulated,not activated,not inhibited,no $K_I$,0,0,0.54
adss,6.3.4.4,6.69,2.15,6.69,0.9,C00044 + C00049 + C00130 <=> C00009 + C00035 + C03794,regulated,not activated,inhibited,has $K_I$,7,7,0.9
agdc,3.5.1.25,-7.08,3.81,-24.2,-6.51,C00001 + C00357 <=> C00033 + C00352,regulated,not activated,inhibited,no $K_I$,4,4,6.51
agmt,3.5.3.11,-57.68,5.59,-74.79,-20.13,C00001 + C00179 <=> C00086 + C00134,regulated,not activated,inhibited,no $K_I$,5,6,20.13
agpr,1.2.1.38,3.36,1.6,20.48,3.31,C00006 + C00009 + C01250 <=> C00005 + C04133,regulated,not activated,inhibited,no $K_I$,1,5,3.31
ahcysns,3.2.2.9,-14.81,2.74,-31.93,-8.59,C00001 + C00021 <=> C00147 + C03539,regulated,not activated,inhibited,has $K_I$,5,4,8.59
aicart,2.1.2.3,8.21,2.96,8.21,1.66,C00234 + C04677 <=> C00101 + C04734,not regulated,not activated,not inhibited,no $K_I$,0,0,1.66
airc2,,-65.32,5.46,-65.32,-8.79,C00002 + C00288 + C03373 <=> C00008 + C00009 + C15667,regulated,not activated,inhibited,no $K_I$,1,1,8.79
airc3,5.4.99.18,-38.14,5.45,-38.14,-15.39,C04751 <=> C15667,not regulated,not activated,not inhibited,no $K_I$,0,0,15.39
akgdh,,-28.77,3.92,-28.77,-3.87,C00003 + C00010 + C00026 <=> C00004 + C00011 + C00091,not regulated,not activated,not inhibited,no $K_I$,0,0,3.87
alaalad,3.4.17.14,-2.11,4.19,-19.23,-5.17,C00001 + C00993 <=> 2 C00133,not regulated,not activated,not inhibited,no $K_I$,0,0,5.17
alaalar,6.3.2.4,-24.97,4.15,-24.97,-3.36,C00002 + 2 C00133 <=> C00008 + C00009 + C00993,regulated,not activated,inhibited,has $K_I$,3,3,3.36
alar,5.1.1.1,-0.04,1.02,-0.04,-0.02,C00041 <=> C00133,not regulated,not activated,not inhibited,no $K_I$,0,0,0.02
alata_d2,,2.0,2.19,2.0,0.4,C00018 + C00133 <=> C00022 + C00647,not regulated,not activated,not inhibited,no $K_I$,0,0,0.4
alata_l,2.6.1.2,0.16,0.54,0.16,0.03,C00026 + C00041 <=> C00022 + C00025,not regulated,not activated,not inhibited,no $K_I$,0,0,0.03
alata_l2,,1.96,1.95,1.96,0.4,C00018 + C00041 <=> C00022 + C00647,not regulated,not activated,not inhibited,no $K_I$,0,0,0.4
alcd19,1.1.1.1,-37.07,2.03,-37.07,-7.48,C00004 + C00577 <=> C00003 + C00116,not regulated,not activated,not inhibited,no $K_I$,0,0,7.48
alcd2x,1.1.1.1,19.17,0.33,19.17,3.87,C00003 + C00469 <=> C00004 + C00084,not regulated,not activated,not inhibited,no $K_I$,0,0,3.87
aldd19xr,1.2.1.39,-39.96,1.71,-39.96,-8.06,C00001 + C00003 + C00601 <=> C00004 + C07086,not regulated,not activated,not inhibited,no $K_I$,0,0,8.06
aldd2x,1.2.1.3,-51.58,1.31,-51.58,-10.41,C00001 + C00003 + C00084 <=> C00004 + C00033,not regulated,not activated,not inhibited,no $K_I$,0,0,10.41
aldd2y,1.2.1.4,-51.4,1.33,-51.4,-10.37,C00001 + C00006 + C00084 <=> C00005 + C00033,not regulated,not activated,not inhibited,no $K_I$,0,0,10.37
aldd3y,,-53.8,2.61,-53.8,-10.86,C00001 + C00006 + C00479 <=> C00005 + C00163,not regulated,not activated,not inhibited,no $K_I$,0,0,10.86
aldd4,,-46.35,3.91,-46.35,-9.35,C00001 + C00003 + C01412 <=> C00004 + C00246,not regulated,not activated,not inhibited,no $K_I$,0,0,9.35
allk,,-9.94,1.81,-9.94,-2.01,C00002 + C01487 <=> C00008 + C02962,not regulated,not activated,not inhibited,no $K_I$,0,0,2.01
allpi,,0.62,0.45,0.62,0.25,C02962 <=> C18096,not regulated,not activated,not inhibited,no $K_I$,0,0,0.25
alltn,3.5.2.5,-57.69,9.46,-57.69,-23.28,C00001 + C01551 <=> C00499,regulated,not activated,inhibited,no $K_I$,0,1,23.28
allulpe,,-3.88,1.35,-3.88,-1.57,C18096 <=> C00085,not regulated,not activated,not inhibited,no $K_I$,0,0,1.57
alr2,,-18.13,1.72,-18.13,-3.66,C00005 + C00546 <=> C00006 + C05235,not regulated,not activated,not inhibited,no $K_I$,0,0,3.66
alr4x,,-18.14,0.98,-18.14,-3.66,C00004 + C05235 <=> C00003 + C02912,not regulated,not activated,not inhibited,no $K_I$,0,0,3.66
altrh,4.2.1.7,-37.43,3.71,-37.43,-15.11,C00817 <=> C00001 + C00204,regulated,activated,inhibited,no $K_I$,3,4,15.11
amalt1,2.4.1.25,-1.17,2.25,-1.17,-0.24,C00208 + C01835 <=> C00031 + C02052,not regulated,not activated,not inhibited,no $K_I$,0,0,0.24
amanaper,,-2.18,2.96,-2.18,-0.88,C04257 <=> C00357,not regulated,not activated,not inhibited,no $K_I$,0,0,0.88
amank,2.7.1.60,-13.97,3.06,-13.97,-2.82,C00002 + C00645 <=> C00008 + C04257,not regulated,not activated,not inhibited,no $K_I$,0,0,2.82
ampms2,,-246.95,5.62,-281.18,-37.83,C00001 + C00003 + C03373 <=> C00004 + 2 C00058 + C04556,not regulated,not activated,not inhibited,no $K_I$,0,0,37.83
ampn,3.2.2.4,-17.62,1.51,-34.73,-9.35,C00001 + C00020 <=> C00117 + C00147,regulated,activated,inhibited,no $K_I$,4,3,9.35
amptasecg,3.4.11.2,6.6,4.83,-10.51,-2.83,C00001 + C01419 <=> C00037 + C00097,regulated,activated,inhibited,no $K_I$,2,5,2.83
anprt,2.4.2.18,-55.05,3.41,-55.05,-11.11,C00108 + C00119 <=> C00013 + C04302,regulated,not activated,inhibited,no $K_I$,2,1,11.11
ans,4.1.3.27,-79.35,6.38,-96.47,-15.57,C00064 + C00251 <=> C00022 + C00025 + C00108,regulated,not activated,inhibited,has $K_I$,3,2,15.57
aobutds,,-17.16,3.11,-34.28,-9.22,C03508 <=> C00011 + C01888,not regulated,not activated,not inhibited,no $K_I$,0,0,9.22
ap4ah,3.6.1.41,-38.58,9.32,-55.7,-14.99,C00001 + C01260 <=> 2 C00008,regulated,not activated,inhibited,no $K_I$,2,3,14.99
ap4as,,-0.74,9.33,-0.74,-0.15,2 C00002 <=> C00013 + C01260,regulated,activated,not inhibited,no $K_I$,0,1,0.15
apraur,1.1.1.193,-24.14,1.52,-24.14,-4.87,C00005 + C01268 <=> C00006 + C04454,not regulated,not activated,not inhibited,no $K_I$,0,0,4.87
arai,5.3.1.4,4.9,1.71,4.9,1.98,C00259 <=> C00508,regulated,not activated,inhibited,no $K_I$,1,1,1.98
argdc,4.1.1.19,-13.68,5.91,-30.79,-8.29,C00062 <=> C00011 + C00179,regulated,not activated,inhibited,no $K_I$,4,10,8.29
argdcpp,4.1.1.19,-13.68,5.91,-30.79,-8.29,C00062 <=> C00011 + C00179,not regulated,not activated,not inhibited,no $K_I$,0,0,8.29
argsl,4.3.2.1,11.72,2.96,-5.39,-1.45,C03406 <=> C00062 + C00122,regulated,activated,inhibited,no $K_I$,0,3,1.45
argss,6.3.4.5,-1.84,1.48,-1.84,-0.25,C00002 + C00049 + C00327 <=> C00013 + C00020 + C03406,not regulated,not activated,not inhibited,no $K_I$,0,0,0.25
asad,1.2.1.11,-18.4,1.71,-1.29,-0.21,C00006 + C00009 + C00441 <=> C00005 + C03082,regulated,not activated,inhibited,has $K_I$,3,5,0.21
asns1,6.3.5.4,-33.05,3.69,-50.16,-5.78,C00001 + C00002 + C00049 + C00064 <=> C00013 + C00020 + C00025 + C00152,regulated,not activated,inhibited,has $K_I$,2,4,5.78
asp1dc,4.1.1.11,-18.87,6.04,-35.99,-9.68,C00049 <=> C00011 + C00099,regulated,activated,inhibited,no $K_I$,2,9,9.68
aspct,2.1.3.2,-21.35,2.96,-21.35,-4.31,C00049 + C00169 <=> C00009 + C00438,regulated,activated,inhibited,has $K_I$,16,16,4.31
aspk,2.7.2.4,19.08,2.96,19.08,3.85,C00002 + C00049 <=> C00008 + C03082,regulated,activated,inhibited,has $K_I$,5,7,3.85
aspo3,1.4.3.16,-20.39,3.77,-20.39,-4.11,C00049 + C00399 <=> C00390 + C05840,not regulated,not activated,not inhibited,no $K_I$,0,0,4.11
aspo4,1.4.3.16,15.67,3.77,15.67,3.16,C00049 + C00828 <=> C05819 + C05840,not regulated,not activated,not inhibited,no $K_I$,0,0,3.16
aspo5,1.4.3.16,1.19,3.31,1.19,0.24,C00049 + C00122 <=> C00042 + C05840,not regulated,not activated,not inhibited,no $K_I$,0,0,0.24
aspo6,,-69.1,4.79,-69.1,-13.94,C00007 + C00049 <=> C00027 + C05840,regulated,activated,inhibited,no $K_I$,3,4,13.94
aspta,2.6.1.1,2.87,0.55,2.87,0.58,C00026 + C00049 <=> C00025 + C00036,not regulated,not activated,not inhibited,no $K_I$,0,0,0.58
ast,2.3.1.109,-16.75,5.57,-16.75,-3.38,C00062 + C00091 <=> C00010 + C03296,not regulated,not activated,not inhibited,no $K_I$,0,0,3.38
athrdhr,,15.57,1.0,15.57,3.14,C00006 + C05519 <=> C00005 + C03508,not regulated,not activated,not inhibited,no $K_I$,0,0,3.14
atpm,,-27.09,0.31,-44.2,-11.89,C00001 + C00002 <=> C00008 + C00009,not regulated,not activated,not inhibited,no $K_I$,0,0,11.89
atps4rpp,3.6.3.14,27.09,0.31,44.2,11.89,C00008 + C00009 <=> C00001 + C00002,regulated,not activated,inhibited,no $K_I$,3,5,11.89
betaldhx,1.2.1.8,-39.99,1.12,-39.99,-8.07,C00001 + C00003 + C00576 <=> C00004 + C00719,regulated,activated,inhibited,has $K_I$,2,12,8.07
betaldhy,1.2.1.8,-39.8,1.14,-39.8,-8.03,C00001 + C00006 + C00576 <=> C00005 + C00719,not regulated,not activated,not inhibited,no $K_I$,0,0,8.03
bpnt,3.1.3.7,-8.74,3.07,-25.85,-6.96,C00001 + C00054 <=> C00009 + C00020,regulated,not activated,inhibited,no $K_I$,1,2,6.96
butct,2.8.3.8,4.11,3.29,4.11,0.83,C00024 + C00246 <=> C00033 + C00136,not regulated,not activated,not inhibited,no $K_I$,0,0,0.83
cat,1.11.1.6,-193.07,6.81,-175.95,-47.34,2 C00027 <=> 2 C00001 + C00007,regulated,activated,inhibited,no $K_I$,3,3,47.34
cbps,6.3.5.5,-10.47,2.67,-27.59,-2.47,C00001 + 2 C00002 + C00064 + C00288 <=> 2 C00008 + C00009 + C00025 + C00169,regulated,activated,inhibited,has $K_I$,24,14,2.47
cdpmek,,-7.96,4.13,-7.96,-1.61,C00002 + C11435 <=> C00008 + C11436,not regulated,not activated,not inhibited,no $K_I$,0,0,1.61
chold,1.1.99.1,16.67,1.21,16.67,3.36,C00003 + C00114 <=> C00004 + C00576,not regulated,not activated,not inhibited,no $K_I$,0,0,3.36
chorm,5.4.99.5,-21.07,4.56,-21.07,-8.5,C00251 <=> C00254,regulated,not activated,inhibited,no $K_I$,4,4,8.5
chors,4.2.3.5,-46.56,3.64,-63.67,-17.13,C01269 <=> C00009 + C00251,regulated,not activated,inhibited,no $K_I$,1,1,17.13
chrpl,4.1.3.40,-87.72,6.06,-104.84,-28.21,C00251 <=> C00022 + C00156,regulated,not activated,inhibited,has $K_I$,1,1,28.21
cinndo,,-388.54,7.51,-371.43,-59.96,C00004 + C00007 + C00423 <=> C00003 + C12622,not regulated,not activated,not inhibited,no $K_I$,0,0,59.96
citl,4.1.3.6,5.42,0.48,-11.7,-3.15,C00158 <=> C00033 + C00036,regulated,activated,inhibited,no $K_I$,2,2,3.15
cmpn,3.2.2.10,-12.73,2.97,-29.84,-8.03,C00001 + C00055 <=> C00117 + C00380,not regulated,not activated,not inhibited,no $K_I$,0,0,8.03
cpppgo,1.3.3.3,-352.54,7.68,-369.66,-59.68,C00007 + C03263 <=> 2 C00001 + 2 C00011 + C01079,regulated,not activated,inhibited,no $K_I$,1,1,59.68
cs,,-37.56,0.44,-37.56,-7.58,C00001 + C00024 + C00036 <=> C00010 + C00158,not regulated,not activated,not inhibited,no $K_I$,0,0,7.58
ctps2,6.3.4.2,-12.34,2.6,-29.45,-3.4,C00001 + C00002 + C00064 + C00075 <=> C00008 + C00009 + C00025 + C00063,regulated,activated,inhibited,has $K_I$,9,24,3.4
cyss,2.5.1.47,-49.14,5.29,-49.14,-9.92,C00283 + C00979 <=> C00033 + C00097,not regulated,not activated,not inhibited,no $K_I$,0,0,9.92
cytbd2pp,,-181.3,3.4,-172.75,-55.78,0.5 C00007 + C05819 <=> C00001 + C00828,not regulated,not activated,not inhibited,no $K_I$,0,0,55.78
cytbdpp,,-145.24,3.4,-136.69,-44.13,0.5 C00007 + C00390 <=> C00001 + C00399,not regulated,not activated,not inhibited,no $K_I$,0,0,44.13
cytbo3_4pp,,-145.24,3.4,-136.69,-44.13,0.5 C00007 + C00390 <=> C00001 + C00399,not regulated,not activated,not inhibited,no $K_I$,0,0,44.13
cytdh,3.2.2.8,1.26,2.55,-15.85,-4.27,C00001 + C00475 <=> C00121 + C00380,not regulated,not activated,not inhibited,no $K_I$,0,0,4.27
cytdk2,,-9.53,3.05,-9.53,-1.92,C00044 + C00475 <=> C00035 + C00055,regulated,not activated,inhibited,no $K_I$,1,2,1.92
cytk1,2.7.4.14,-1.99,2.96,-1.99,-0.4,C00002 + C00055 <=> C00008 + C00112,not regulated,not activated,not inhibited,no $K_I$,0,0,0.4
cytk2,2.7.4.14,-1.94,2.96,-1.94,-0.39,C00002 + C00239 <=> C00008 + C00705,not regulated,not activated,not inhibited,no $K_I$,0,0,0.39
dadk,2.7.4.11,0.78,1.46,0.78,0.16,C00002 + C00360 <=> C00008 + C00206,not regulated,not activated,not inhibited,no $K_I$,0,0,0.16
dapdc,4.1.1.20,-15.55,3.71,-32.66,-8.79,C00680 <=> C00011 + C00047,regulated,not activated,inhibited,no $K_I$,2,3,8.79
dape,5.1.1.7,-1.65,2.96,-1.65,-0.67,C00666 <=> C00680,not regulated,not activated,not inhibited,no $K_I$,0,0,0.67
db4ps,,-83.67,2.09,-100.79,-27.12,C00199 <=> C00058 + C15556,not regulated,not activated,not inhibited,no $K_I$,0,0,27.12
dbts,6.3.3.3,6.37,6.42,6.37,0.86,C00002 + C00011 + C01037 <=> C00008 + C00009 + C01909,regulated,not activated,inhibited,has $K_I$,3,4,0.86
ddgalk,2.7.1.58,-15.35,3.37,-15.35,-3.1,C00002 + C01216 <=> C00008 + C01286,not regulated,not activated,not inhibited,no $K_I$,0,0,3.1
ddglk,2.7.1.45,-22.24,3.91,-22.24,-4.49,C00002 + C00204 <=> C00008 + C04442,regulated,not activated,inhibited,no $K_I$,1,1,4.49
ddpa,2.5.1.54,-68.93,2.4,-68.93,-13.91,C00001 + C00074 + C00279 <=> C00009 + C04691,regulated,activated,inhibited,has $K_I$,14,13,13.91
ddpgala,4.1.2.21,13.9,2.96,-3.21,-0.86,C01286 <=> C00022 + C00118,regulated,not activated,inhibited,no $K_I$,0,2,0.86
dgk1,2.7.4.8,1.29,2.96,1.29,0.26,C00002 + C00362 <=> C00008 + C00361,regulated,activated,inhibited,no $K_I$,0,7,0.26
dhad1,4.2.1.9,-35.52,1.39,-35.52,-14.33,C04272 <=> C00001 + C00141,regulated,not activated,inhibited,no $K_I$,3,2,14.33
dhad2,,-35.52,1.39,-35.52,-14.33,C06007 <=> C00001 + C00671,not regulated,not activated,not inhibited,no $K_I$,0,0,14.33
dhapt,,-40.56,2.23,-40.56,-8.19,C00074 + C00184 <=> C00022 + C00111,not regulated,not activated,not inhibited,no $K_I$,0,0,8.19
dhbd,1.3.1.28,-29.06,5.85,-29.06,-5.87,C00003 + C04171 <=> C00004 + C00196,not regulated,not activated,not inhibited,no $K_I$,0,0,5.87
dhcind,,-29.12,5.85,-29.12,-5.88,C00003 + C12622 <=> C00004 + C12623,not regulated,not activated,not inhibited,no $K_I$,0,0,5.88
dhcindo,,-259.58,5.27,-242.47,-65.24,C00007 + C12623 <=> C12624,regulated,not activated,inhibited,no $K_I$,1,1,65.24
dhdpry,1.3.1.26,-18.29,3.56,-18.29,-3.69,C00005 + C03340 <=> C00006 + C03972,not regulated,not activated,not inhibited,no $K_I$,0,0,3.69
dhdps,4.2.1.52,-116.93,6.03,-99.82,-26.86,C00022 + C00441 <=> 2 C00001 + C03340,not regulated,not activated,not inhibited,no $K_I$,0,0,26.86
dhfr,1.5.1.3,-23.57,1.12,-23.57,-4.76,C00005 + C00415 <=> C00006 + C00101,regulated,not activated,inhibited,no $K_I$,3,9,4.76
dhfs,6.3.2.12,-15.99,3.31,-15.99,-2.15,C00002 + C00025 + C00921 <=> C00008 + C00009 + C00415,regulated,not activated,inhibited,no $K_I$,2,3,2.15
dhnpa2r,4.1.2.25,12.04,2.31,-5.07,-1.36,C04874 <=> C00266 + C01300,regulated,not activated,inhibited,no $K_I$,3,3,1.36
dhord2,1.3.5.2,-71.95,3.25,-71.95,-14.52,C00337 + C00399 <=> C00295 + C00390,not regulated,not activated,not inhibited,no $K_I$,0,0,14.52
dhord5,1.3.5.2,-35.89,3.25,-35.89,-7.24,C00337 + C00828 <=> C00295 + C05819,not regulated,not activated,not inhibited,no $K_I$,0,0,7.24
dhordfum,,-50.37,2.41,-50.37,-10.17,C00122 + C00337 <=> C00042 + C00295,not regulated,not activated,not inhibited,no $K_I$,0,0,10.17
dhorts,3.5.2.3,-6.15,1.71,-6.15,-2.48,C00001 + C00337 <=> C00438,not regulated,not activated,not inhibited,no $K_I$,0,0,2.48
dhps2,2.5.1.15,-50.93,3.57,-50.93,-10.28,C00568 + C04807 <=> C00013 + C00921,regulated,not activated,inhibited,no $K_I$,1,1,10.28
dhqs,4.2.3.4,-129.75,5.02,-146.86,-39.52,C04691 <=> C00009 + C00944,regulated,not activated,inhibited,no $K_I$,1,2,39.52
dhqti,4.2.1.10,-5.29,2.09,-5.29,-2.14,C00944 <=> C00001 + C02637,regulated,not activated,inhibited,no $K_I$,3,8,2.14
dkglcnr1,,-30.49,3.69,-30.49,-6.15,C00005 + C02780 <=> C00006 + C06473,not regulated,not activated,not inhibited,no $K_I$,0,0,6.15
dkglcnr2x,,-23.2,1.17,-23.2,-4.68,C00004 + C02780 <=> C00003 + C01062,not regulated,not activated,not inhibited,no $K_I$,0,0,4.68
dkglcnr2y,,-23.39,1.16,-23.39,-4.72,C00005 + C02780 <=> C00006 + C01062,not regulated,not activated,not inhibited,no $K_I$,0,0,4.72
dmatt,2.5.1.1,-73.7,2.76,-73.7,-14.87,C00129 + C00235 <=> C00013 + C00341,not regulated,not activated,not inhibited,no $K_I$,0,0,14.87
dmpps,,-63.89,1.85,-63.89,-12.89,C00004 + C11811 <=> C00001 + C00003 + C00235,regulated,not activated,inhibited,no $K_I$,2,7,12.89
dmsor1,,-203.98,4.26,-203.98,-41.16,C05819 + C11143 <=> C00001 + C00580 + C00828,not regulated,not activated,not inhibited,no $K_I$,0,0,41.16
dmsor1pp,,-203.98,4.26,-203.98,-41.16,C05819 + C11143 <=> C00001 + C00580 + C00828,not regulated,not activated,not inhibited,no $K_I$,0,0,41.16
dnmppa,,-14.55,2.03,-31.67,-8.52,C00001 + C05925 <=> C00009 + C04874,not regulated,not activated,not inhibited,no $K_I$,0,0,8.52
dntppa,,-43.29,2.52,-60.41,-16.25,C00001 + C04895 <=> C00013 + C05925,regulated,not activated,inhibited,no $K_I$,1,3,16.25
dogulnr,,-18.16,0.98,-18.16,-3.66,C00004 + C04575 <=> C00003 + C00618,regulated,not activated,inhibited,no $K_I$,0,2,3.66
dpcoak,2.7.1.24,0.78,2.96,0.78,0.16,C00002 + C00882 <=> C00008 + C00010,not regulated,not activated,not inhibited,no $K_I$,0,0,0.16
dpr,1.1.1.169,-17.28,2.96,-17.28,-3.49,C00005 + C00966 <=> C00006 + C00522,regulated,activated,inhibited,has $K_I$,3,7,3.49
drpa,4.1.2.4,20.25,1.52,3.13,0.84,C00673 <=> C00084 + C00118,regulated,not activated,inhibited,no $K_I$,1,1,0.84
dserdhr,,18.95,2.54,18.95,3.82,C00006 + C00740 <=> C00005 + C11822,not regulated,not activated,not inhibited,no $K_I$,0,0,3.82
dtmpk,2.7.4.9,-2.6,2.96,-2.6,-0.52,C00002 + C00364 <=> C00008 + C00363,regulated,not activated,inhibited,no $K_I$,1,3,0.52
durik1,,-14.73,1.22,-14.73,-2.97,C00002 + C00526 <=> C00008 + C00365,regulated,activated,inhibited,no $K_I$,5,9,2.97
duripp,,2.91,2.7,2.91,0.59,C00009 + C00526 <=> C00106 + C00672,regulated,not activated,inhibited,has $K_I$,4,4,0.59
dutpdp,3.6.1.23,-40.45,2.52,-57.57,-15.49,C00001 + C00460 <=> C00013 + C00365,regulated,not activated,inhibited,no $K_I$,1,1,15.49
dxprii,1.1.1.267,-19.91,1.22,-19.91,-4.02,C00005 + C11437 <=> C00006 + C11434,regulated,not activated,inhibited,no $K_I$,1,2,4.02
dxps,,-26.88,3.42,-26.88,-5.43,C00022 + C00118 <=> C00011 + C11437,regulated,not activated,inhibited,has $K_I$,1,3,5.43
dxylk,,-13.25,1.22,-13.25,-2.67,C00002 + C06257 <=> C00008 + C11437,regulated,not activated,inhibited,no $K_I$,0,2,2.67
e4pd,1.2.1.72,-46.94,2.23,-46.94,-9.47,C00001 + C00003 + C00279 <=> C00004 + C03393,regulated,not activated,inhibited,no $K_I$,0,1,9.47
ecoah1,4.2.1.17,3.79,1.71,3.79,1.53,C01144 <=> C00001 + C00877,not regulated,not activated,not inhibited,no $K_I$,0,0,1.53
ecoah2,4.2.1.17,1.03,2.96,1.03,0.41,C05268 <=> C00001 + C05271,not regulated,not activated,not inhibited,no $K_I$,0,0,0.41
ecoah3,4.2.1.17,0.7,1.48,0.7,0.28,C05266 <=> C00001 + C05276,not regulated,not activated,not inhibited,no $K_I$,0,0,0.28
ecoah4,4.2.1.17,0.7,1.48,0.7,0.28,C05264 <=> C00001 + C05275,not regulated,not activated,not inhibited,no $K_I$,0,0,0.28
ecoah5,4.2.1.17,0.7,1.48,0.7,0.28,C05262 <=> C00001 + C03221,not regulated,not activated,not inhibited,no $K_I$,0,0,0.28
ecoah6,4.2.1.17,0.7,1.48,0.7,0.28,C05260 <=> C00001 + C05273,not regulated,not activated,not inhibited,no $K_I$,0,0,0.28
ecoah7,4.2.1.17,0.7,1.48,0.7,0.28,C05258 <=> C00001 + C05272,not regulated,not activated,not inhibited,no $K_I$,0,0,0.28
ecoah8,4.2.1.17,0.7,1.48,0.7,0.28,C16217 <=> C00001 + C16218,not regulated,not activated,not inhibited,no $K_I$,0,0,0.28
eda,4.1.2.14,16.31,2.09,-0.8,-0.22,C04442 <=> C00022 + C00118,not regulated,not activated,not inhibited,no $K_I$,0,0,0.22
edd,4.2.1.12,-43.06,2.61,-43.06,-17.38,C00345 <=> C00001 + C04442,regulated,not activated,inhibited,no $K_I$,1,2,17.38
eno,4.2.1.11,-4.09,0.31,-4.09,-1.65,C00631 <=> C00001 + C00074,not regulated,not activated,not inhibited,no $K_I$,0,0,1.65
f6pa,,18.62,2.25,1.51,0.41,C00085 <=> C00118 + C00184,not regulated,not activated,not inhibited,no $K_I$,0,0,0.41
f6pp,,-11.41,0.62,-28.53,-7.68,C00001 + C00085 <=> C00009 + C00095,not regulated,not activated,not inhibited,no $K_I$,0,0,7.68
facoae100,,-27.19,1.45,-44.31,-11.92,C00001 + C05274 <=> C00010 + C01571,not regulated,not activated,not inhibited,no $K_I$,0,0,11.92
facoae120,,-27.19,1.45,-44.31,-11.92,C00001 + C01832 <=> C00010 + C02679,not regulated,not activated,not inhibited,no $K_I$,0,0,11.92
facoae140,,-27.19,1.45,-44.31,-11.92,C00001 + C02593 <=> C00010 + C06424,not regulated,not activated,not inhibited,no $K_I$,0,0,11.92
facoae141,,-27.19,1.45,-44.31,-11.92,C00001 + C06737 <=> C00010 + C08322,not regulated,not activated,not inhibited,no $K_I$,0,0,11.92
facoae160,,-24.45,6.31,-41.56,-11.18,C00001 + C00154 <=> C00010 + C00249,not regulated,not activated,not inhibited,no $K_I$,0,0,11.18
facoae161,,-27.19,1.45,-44.31,-11.92,C00001 + C05272 <=> C00010 + C08362,not regulated,not activated,not inhibited,no $K_I$,0,0,11.92
facoae180,,-27.19,1.45,-44.31,-11.92,C00001 + C00412 <=> C00010 + C01530,not regulated,not activated,not inhibited,no $K_I$,0,0,11.92
facoae181,,-27.19,1.45,-44.31,-11.92,C00001 + C00510 <=> C00010 + C00712,not regulated,not activated,not inhibited,no $K_I$,0,0,11.92
facoae60,,-27.19,1.45,-44.31,-11.92,C00001 + C05270 <=> C00010 + C01585,not regulated,not activated,not inhibited,no $K_I$,0,0,11.92
facoae80,,-27.2,1.45,-44.31,-11.92,C00001 + C01944 <=> C00010 + C06423,not regulated,not activated,not inhibited,no $K_I$,0,0,11.92
facoal100t2pp,6.2.1.3,-10.8,1.47,-10.8,-1.45,C00002 + C00010 + C01571 <=> C00013 + C00020 + C05274,not regulated,not activated,not inhibited,no $K_I$,0,0,1.45
facoal120t2pp,6.2.1.3,-10.8,1.47,-10.8,-1.45,C00002 + C00010 + C02679 <=> C00013 + C00020 + C01832,not regulated,not activated,not inhibited,no $K_I$,0,0,1.45
facoal140t2pp,6.2.1.3,-10.8,1.47,-10.8,-1.45,C00002 + C00010 + C06424 <=> C00013 + C00020 + C02593,not regulated,not activated,not inhibited,no $K_I$,0,0,1.45
facoal141t2pp,6.2.1.3,-10.8,1.47,-10.8,-1.45,C00002 + C00010 + C08322 <=> C00013 + C00020 + C06737,not regulated,not activated,not inhibited,no $K_I$,0,0,1.45
facoal160t2pp,6.2.1.3,-13.54,6.32,-13.54,-1.82,C00002 + C00010 + C00249 <=> C00013 + C00020 + C00154,not regulated,not activated,not inhibited,no $K_I$,0,0,1.82
facoal161t2pp,6.2.1.3,-10.79,1.47,-10.79,-1.45,C00002 + C00010 + C08362 <=> C00013 + C00020 + C05272,not regulated,not activated,not inhibited,no $K_I$,0,0,1.45
facoal180t2pp,6.2.1.3,-10.8,1.47,-10.8,-1.45,C00002 + C00010 + C01530 <=> C00013 + C00020 + C00412,not regulated,not activated,not inhibited,no $K_I$,0,0,1.45
facoal181t2pp,6.2.1.3,-10.8,1.47,-10.8,-1.45,C00002 + C00010 + C00712 <=> C00013 + C00020 + C00510,not regulated,not activated,not inhibited,no $K_I$,0,0,1.45
facoal60t2pp,6.2.1.3,-10.8,1.47,-10.8,-1.45,C00002 + C00010 + C01585 <=> C00013 + C00020 + C05270,not regulated,not activated,not inhibited,no $K_I$,0,0,1.45
facoal80t2pp,6.2.1.3,-10.79,1.47,-10.79,-1.45,C00002 + C00010 + C06423 <=> C00013 + C00020 + C01944,not regulated,not activated,not inhibited,no $K_I$,0,0,1.45
fadrx,,-11.59,3.01,-11.59,-2.34,C00004 + C00016 <=> C00003 + C01352,not regulated,not activated,not inhibited,no $K_I$,0,0,2.34
fadrx2,,-11.77,3.02,-11.77,-2.38,C00005 + C00016 <=> C00006 + C01352,not regulated,not activated,not inhibited,no $K_I$,0,0,2.38
faldh2,1.1.1.284,-19.67,2.97,-19.67,-3.97,C00003 + C14180 <=> C00004 + C01031,not regulated,not activated,not inhibited,no $K_I$,0,0,3.97
falgthls,,-11.7,2.81,5.42,1.46,C00051 + C00067 <=> C14180,not regulated,not activated,not inhibited,no $K_I$,0,0,1.46
fba,4.1.2.13,21.59,0.54,4.48,1.2,C00354 <=> C00111 + C00118,regulated,activated,inhibited,has $K_I$,5,11,1.2
fbp,3.1.3.11,-9.37,0.7,-26.48,-7.13,C00001 + C00354 <=> C00009 + C00085,regulated,activated,inhibited,has $K_I$,10,9,7.13
fci,5.3.1.25,5.48,2.96,5.48,2.21,C01019 <=> C01721,regulated,not activated,inhibited,no $K_I$,1,1,2.21
fclk,2.7.1.51,-19.32,3.03,-19.32,-3.9,C00002 + C01721 <=> C00008 + C01099,not regulated,not activated,not inhibited,no $K_I$,0,0,3.9
fclpa,4.1.2.17,19.81,2.96,2.69,0.72,C01099 <=> C00111 + C00424,regulated,not activated,inhibited,no $K_I$,2,2,0.72
fdh4pp,1.2.2.1,-96.71,4.41,-96.71,-19.52,C00058 + C00399 <=> C00011 + C00390,not regulated,not activated,not inhibited,no $K_I$,0,0,19.52
fdh5pp,1.2.2.1,-60.65,4.41,-60.65,-12.24,C00058 + C00828 <=> C00011 + C05819,not regulated,not activated,not inhibited,no $K_I$,0,0,12.24
fe3ri,,-194.26,8.88,-194.26,-26.14,C01352 + 2 C14819 <=> C00016 + 2 C14818,not regulated,not activated,not inhibited,no $K_I$,0,0,26.14
feropp,1.16.3.1,-43.22,17.08,-26.11,-2.34,C00007 + 4 C14818 <=> 2 C00001 + 4 C14819,regulated,not activated,inhibited,no $K_I$,1,1,2.34
ffsd,3.2.1.26,-30.95,2.88,-48.06,-12.93,C00001 + C02591 <=> C00092 + C00095,not regulated,not activated,not inhibited,no $K_I$,0,0,12.93
fhl,,22.58,4.41,5.46,1.47,C00058 <=> C00011 + C00282,not regulated,not activated,not inhibited,no $K_I$,0,0,1.47
flvr,1.5.1.30,15.97,5.69,15.97,3.22,C00005 + C00255 <=> C00006 + C01007,not regulated,not activated,not inhibited,no $K_I$,0,0,3.22
flvrx,1.5.1.30,16.16,5.68,16.16,3.26,C00004 + C00255 <=> C00003 + C01007,not regulated,not activated,not inhibited,no $K_I$,0,0,3.26
fmnat,2.7.7.2,-13.36,4.8,-13.36,-2.7,C00002 + C00061 <=> C00013 + C00016,not regulated,not activated,not inhibited,no $K_I$,0,0,2.7
fmnrx,1.5.1.39,-19.18,3.01,-19.18,-3.87,C00004 + C00061 <=> C00003 + C01847,not regulated,not activated,not inhibited,no $K_I$,0,0,3.87
fmnrx2,1.5.1.39,-19.36,3.02,-19.36,-3.91,C00005 + C00061 <=> C00006 + C01847,regulated,not activated,inhibited,has $K_I$,0,3,3.91
frd2,1.3.5.4,-14.48,3.62,-14.48,-2.92,C00122 + C05819 <=> C00042 + C00828,not regulated,not activated,not inhibited,no $K_I$,0,0,2.92
fruk,2.7.1.56,-16.87,1.32,-16.87,-3.4,C00002 + C01094 <=> C00008 + C00354,regulated,not activated,inhibited,has $K_I$,1,1,3.4
frulysdg,,3.69,3.46,-13.43,-3.61,C00001 + C16489 <=> C00047 + C00092,not regulated,not activated,not inhibited,no $K_I$,0,0,3.61
frulysk,,-10.97,1.22,-10.97,-2.21,C00002 + C16488 <=> C00008 + C16489,not regulated,not activated,not inhibited,no $K_I$,0,0,2.21
frupts2pp,,-41.48,0.73,-41.48,-8.37,C00074 + C00095 <=> C00022 + C00085,not regulated,not activated,not inhibited,no $K_I$,0,0,8.37
fruptspp,,-42.33,1.38,-42.33,-8.54,C00074 + C00095 <=> C00022 + C01094,not regulated,not activated,not inhibited,no $K_I$,0,0,8.54
fthfd,3.5.1.10,-23.67,1.98,-40.79,-10.98,C00001 + C00234 <=> C00058 + C00101,regulated,activated,inhibited,no $K_I$,1,2,10.98
fthfli,6.3.4.3,-3.41,1.95,-3.41,-0.46,C00002 + C00058 + C00101 <=> C00008 + C00009 + C00234,not regulated,not activated,not inhibited,no $K_I$,0,0,0.46
fum,4.2.1.2,-3.44,0.28,-3.44,-1.39,C00001 + C00122 <=> C00149,regulated,not activated,inhibited,has $K_I$,2,11,1.39
g1pact,2.3.1.157,-23.5,4.2,-23.5,-4.74,C00024 + C06156 <=> C00010 + C04256,regulated,not activated,inhibited,no $K_I$,1,2,4.74
g1pppp,3.1.3.10,-16.21,0.84,-33.33,-8.97,C00001 + C00103 <=> C00009 + C00031,not regulated,not activated,not inhibited,no $K_I$,0,0,8.97
g1ptt,2.7.7.24,0.2,2.96,0.2,0.04,C00103 + C00459 <=> C00013 + C00842,regulated,not activated,inhibited,no $K_I$,1,4,0.04
g1sat,5.4.3.8,-7.72,0.69,-7.72,-3.12,C03741 <=> C00430,regulated,activated,not inhibited,no $K_I$,1,1,3.12
g3pd2,1.1.1.94,24.0,0.81,24.0,4.84,C00006 + C00093 <=> C00005 + C00111,regulated,not activated,inhibited,has $K_I$,4,14,4.84
g3pd5,1.1.5.3,-58.4,3.1,-58.4,-11.79,C00093 + C00399 <=> C00111 + C00390,not regulated,not activated,not inhibited,no $K_I$,0,0,11.79
g3pd6,1.1.5.3,-22.34,3.1,-22.34,-4.51,C00093 + C00828 <=> C00111 + C05819,not regulated,not activated,not inhibited,no $K_I$,0,0,4.51
g3pt,,-10.59,2.1,-27.7,-7.45,C00001 + C00093 <=> C00009 + C00116,not regulated,not activated,not inhibited,no $K_I$,0,0,7.45
g5sads,,9.46,4.66,9.46,3.82,C01165 <=> C00001 + C03912,not regulated,not activated,not inhibited,no $K_I$,0,0,3.82
g5sd,1.2.1.41,-6.5,1.6,-23.61,-3.81,C00005 + C03287 <=> C00006 + C00009 + C01165,regulated,not activated,inhibited,has $K_I$,2,4,3.81
g6pdh2r,1.1.1.49,-5.6,1.33,-5.6,-1.13,C00006 + C00092 <=> C00005 + C01236,regulated,activated,inhibited,has $K_I$,3,9,1.13
g6pp,3.1.3.9,-8.8,0.47,-25.91,-6.97,C00001 + C00092 <=> C00009 + C00031,not regulated,not activated,not inhibited,no $K_I$,0,0,6.97
gal1pppp,3.1.3.10,-15.09,1.95,-32.21,-8.67,C00001 + C00446 <=> C00009 + C00124,not regulated,not activated,not inhibited,no $K_I$,0,0,8.67
galctd,4.2.1.42,-41.91,1.25,-41.91,-16.91,C00879 <=> C00001 + C00679,regulated,not activated,inhibited,no $K_I$,1,3,16.91
galctlo,,11.97,1.56,11.97,2.42,C00003 + C15930 <=> C00004 + C00558,not regulated,not activated,not inhibited,no $K_I$,0,0,2.42
galctnd,4.2.1.6,-41.91,1.25,-41.91,-16.91,C00880 <=> C00001 + C01216,not regulated,not activated,not inhibited,no $K_I$,0,0,16.91
galkr,2.7.1.6,-12.0,1.95,-12.0,-2.42,C00002 + C00124 <=> C00008 + C00446,not regulated,not activated,not inhibited,no $K_I$,0,0,2.42
gals3,3.2.1.22,-10.72,1.71,-27.84,-7.49,C00001 + C05402 <=> C00031 + C00124,regulated,activated,inhibited,no $K_I$,0,4,7.49
galui,2.7.7.9,2.27,0.56,2.27,0.46,C00075 + C00103 <=> C00013 + C00029,regulated,not activated,inhibited,no $K_I$,1,2,0.46
gapd,1.2.1.12,3.24,0.41,20.35,3.29,C00003 + C00009 + C00118 <=> C00004 + C00236,not regulated,not activated,not inhibited,no $K_I$,0,0,3.29
garft,2.1.2.2,2.65,5.44,2.65,0.53,C00234 + C03838 <=> C00101 + C04376,not regulated,not activated,not inhibited,no $K_I$,0,0,0.53
gart,,-0.76,5.34,-0.76,-0.1,C00002 + C00058 + C03838 <=> C00008 + C00009 + C04376,not regulated,not activated,not inhibited,no $K_I$,0,0,0.1
gcaldd,1.2.1.21,-63.38,2.37,-63.38,-12.79,C00001 + C00003 + C00266 <=> C00004 + C00160,regulated,activated,inhibited,has $K_I$,3,11,12.79
gdpdpk,,-15.63,7.59,-15.63,-3.15,C00002 + C00035 <=> C00020 + C01228,regulated,activated,inhibited,no $K_I$,1,2,3.15
gdpmnh,,-20.41,3.8,-37.52,-10.1,C00001 + C00096 <=> C00035 + C00159,not regulated,not activated,not inhibited,no $K_I$,0,0,10.1
gdpmnp,,-31.7,3.51,-48.81,-13.13,C00001 + C00096 <=> C00144 + C00636,regulated,not activated,inhibited,no $K_I$,1,5,13.13
gdptpdp,3.1.7.2,-20.8,8.1,-37.91,-10.2,C00001 + C04494 <=> C00013 + C00044,regulated,activated,not inhibited,no $K_I$,0,1,10.2
gf6pta,2.6.1.16,-13.76,2.27,-13.76,-2.78,C00064 + C00085 <=> C00025 + C00352,regulated,not activated,inhibited,has $K_I$,5,7,2.78
gggabadr,,-41.28,1.14,-41.28,-8.33,C00001 + C00006 + C15700 <=> C00005 + C15767,not regulated,not activated,not inhibited,no $K_I$,0,0,8.33
gggabah,,-16.44,3.07,-33.55,-9.03,C00001 + C15767 <=> C00025 + C00334,not regulated,not activated,not inhibited,no $K_I$,0,0,9.03
ggptrcs,6.3.1.11,-20.13,2.31,-20.13,-2.71,C00002 + C00025 + C00134 <=> C00008 + C00009 + C15699,not regulated,not activated,not inhibited,no $K_I$,0,0,2.71
ghmt2r,2.1.2.1,-6.62,1.26,-6.62,-1.34,C00065 + C00101 <=> C00001 + C00037 + C00143,regulated,activated,inhibited,has $K_I$,3,4,1.34
gk1,2.7.4.8,-2.2,1.21,-2.2,-0.44,C00002 + C00144 <=> C00008 + C00035,not regulated,not activated,not inhibited,no $K_I$,0,0,0.44
glcatr,2.3.1.79,-1.57,2.33,-1.57,-0.32,C00024 + C00031 <=> C00010 + C02655,not regulated,not activated,not inhibited,no $K_I$,0,0,0.32
glcdpp,1.1.5.2,-118.21,4.36,-118.21,-23.86,C00001 + C00031 + C00399 <=> C00257 + C00390,not regulated,not activated,not inhibited,no $K_I$,0,0,23.86
glcral,4.1.2.20,22.2,2.82,5.08,1.37,C00679 <=> C00022 + C01146,regulated,not activated,inhibited,no $K_I$,1,9,1.37
glcrd,4.2.1.40,-41.91,1.25,-41.91,-16.91,C00818 <=> C00001 + C00679,regulated,not activated,inhibited,no $K_I$,1,4,16.91
glcptspp,,-44.1,0.61,-44.1,-8.9,C00031 + C00074 <=> C00022 + C00092,not regulated,not activated,not inhibited,no $K_I$,0,0,8.9
glgc,2.7.7.27,-7.03,1.37,-7.03,-1.42,C00002 + C00103 <=> C00013 + C00498,regulated,activated,inhibited,has $K_I$,15,20,1.42
gltpd,,11.63,1.17,11.63,2.35,C00003 + C06311 <=> C00004 + C01097,not regulated,not activated,not inhibited,no $K_I$,0,0,2.35
glu5k,2.7.2.11,27.55,2.27,27.55,5.56,C00002 + C00025 <=> C00008 + C03287,regulated,not activated,inhibited,has $K_I$,3,2,5.56
glucys,6.3.2.2,-31.78,4.86,-31.78,-4.28,C00002 + C00025 + C00097 <=> C00008 + C00009 + C00669,regulated,not activated,inhibited,no $K_I$,1,1,4.28
gludc,4.1.1.15,-22.83,3.52,-39.94,-10.75,C00025 <=> C00011 + C00334,not regulated,not activated,not inhibited,no $K_I$,0,0,10.75
gluprt,2.4.2.14,-54.55,2.59,-71.67,-11.57,C00001 + C00064 + C00119 <=> C00013 + C00025 + C03090,regulated,activated,inhibited,has $K_I$,2,8,11.57
glur,5.1.1.3,-0.62,2.17,-0.62,-0.25,C00217 <=> C00025,regulated,activated,not inhibited,no $K_I$,2,1,0.25
glusy,1.4.1.13,-46.68,0.95,-46.68,-6.28,C00005 + C00026 + C00064 <=> C00006 + 2 C00025,regulated,not activated,inhibited,no $K_I$,3,26,6.28
glxcl,4.1.1.47,-17.53,4.49,-17.53,-3.54,2 C00048 <=> C00011 + C01146,regulated,activated,inhibited,no $K_I$,0,4,3.54
glyat,2.3.1.29,37.3,2.11,37.3,7.53,C00024 + C00037 <=> C00010 + C03508,not regulated,not activated,not inhibited,no $K_I$,0,0,7.53
glycdx,1.1.1.6,22.07,1.82,22.07,4.45,C00003 + C00116 <=> C00004 + C00184,regulated,activated,inhibited,no $K_I$,2,5,4.45
glyck,2.7.1.31,-12.76,0.64,-12.76,-2.58,C00002 + C00258 <=> C00008 + C00197,not regulated,not activated,not inhibited,no $K_I$,0,0,2.58
glyck2,2.7.1.31,-8.61,0.71,-8.61,-1.74,C00002 + C00258 <=> C00008 + C00631,not regulated,not activated,not inhibited,no $K_I$,0,0,1.74
glycltdx,,-42.09,0.86,-42.09,-8.49,C00004 + C00048 <=> C00003 + C00160,not regulated,not activated,not inhibited,no $K_I$,0,0,8.49
glycltdy,1.1.1.26,-42.27,0.93,-42.27,-8.53,C00005 + C00048 <=> C00006 + C00160,not regulated,not activated,not inhibited,no $K_I$,0,0,8.53
glycto2,,-40.13,3.13,-40.13,-8.1,C00160 + C00399 <=> C00048 + C00390,not regulated,not activated,not inhibited,no $K_I$,0,0,8.1
glycto3,,-4.07,3.13,-4.07,-0.82,C00160 + C00828 <=> C00048 + C05819,not regulated,not activated,not inhibited,no $K_I$,0,0,0.82
glyk,2.7.1.30,-16.5,2.1,-16.5,-3.33,C00002 + C00116 <=> C00008 + C00093,regulated,activated,inhibited,no $K_I$,2,4,3.33
glyox,3.1.2.6,-32.11,3.07,-49.22,-13.24,C00001 + C03451 <=> C00051 + C00256,not regulated,not activated,not inhibited,no $K_I$,0,0,13.24
glyox3,,-55.58,2.96,-55.58,-22.43,C00001 + C00546 <=> C00256,not regulated,not activated,not inhibited,no $K_I$,0,0,22.43
gmand,4.2.1.47,-51.31,4.0,-51.31,-20.71,C00096 <=> C00001 + C01222,regulated,activated,inhibited,no $K_I$,2,5,20.71
gmhepat,,-9.65,3.31,-9.65,-1.95,C00002 + C07838 <=> C00013 + C06397,not regulated,not activated,not inhibited,no $K_I$,0,0,1.95
gmhepk,,-12.1,1.39,-12.1,-2.44,C00002 + C07836 <=> C00008 + C11472,not regulated,not activated,not inhibited,no $K_I$,0,0,2.44
gmheppa,,-7.48,1.23,-24.59,-6.62,C00001 + C11472 <=> C00009 + C07838,not regulated,not activated,not inhibited,no $K_I$,0,0,6.62
gnd,1.1.1.44,10.79,3.22,-6.33,-1.02,C00006 + C00345 <=> C00005 + C00011 + C00199,regulated,activated,inhibited,no $K_I$,2,6,1.02
gnk,2.7.1.12,-11.88,3.25,-11.88,-2.4,C00002 + C00257 <=> C00008 + C00345,not regulated,not activated,not inhibited,no $K_I$,0,0,2.4
gp4gh,,-49.74,7.74,-66.85,-17.99,C00001 + C01261 <=> 2 C00035,not regulated,not activated,not inhibited,no $K_I$,0,0,17.99
grtt,2.5.1.10,-75.42,2.92,-75.42,-15.22,C00129 + C00341 <=> C00013 + C00448,not regulated,not activated,not inhibited,no $K_I$,0,0,15.22
gsnk,,-21.59,3.41,-21.59,-4.36,C00002 + C00387 <=> C00008 + C00144,regulated,activated,inhibited,no $K_I$,2,12,4.36
gspmda,3.5.1.78,-4.1,1.91,-21.22,-5.71,C00001 + C05730 <=> C00051 + C00315,not regulated,not activated,not inhibited,no $K_I$,0,0,5.71
gspmds,6.3.1.8,-22.98,1.92,-22.98,-3.09,C00002 + C00051 + C00315 <=> C00008 + C00009 + C05730,not regulated,not activated,not inhibited,no $K_I$,0,0,3.09
gthor,1.8.1.7,-13.77,0.79,-30.88,-4.99,C00005 + C00127 <=> C00006 + 2 C00051,regulated,not activated,inhibited,no $K_I$,0,2,4.99
gthpi,1.11.1.9,-310.41,3.39,-276.18,-55.73,C00027 + 2 C00051 <=> 2 C00001 + C00127,not regulated,not activated,not inhibited,no $K_I$,0,0,55.73
gthrdhpp,,-3.38,2.61,-20.5,-5.52,C00001 + C00051 <=> C00025 + C01419,not regulated,not activated,not inhibited,no $K_I$,0,0,5.52
gths,6.3.2.3,-25.62,2.51,-25.62,-3.45,C00002 + C00037 + C00669 <=> C00008 + C00009 + C00051,not regulated,not activated,not inhibited,no $K_I$,0,0,3.45
gtpci,3.5.4.16,-94.57,6.11,-111.68,-30.05,C00001 + C00044 <=> C00058 + C04895,regulated,activated,inhibited,has $K_I$,7,12,30.05
gtpcii2,3.5.4.25,-68.63,5.46,-102.86,-20.76,3 C00001 + C00044 <=> C00013 + C00058 + C01304,regulated,not activated,inhibited,has $K_I$,4,3,20.76
gtpdpdp,3.6.1.40,-23.03,1.27,-40.15,-10.8,C00001 + C04494 <=> C00009 + C01228,regulated,not activated,inhibited,no $K_I$,0,3,10.8
gtpdpk,2.7.6.5,-17.19,8.09,-17.19,-3.47,C00002 + C00044 <=> C00020 + C04494,not regulated,not activated,not inhibited,no $K_I$,0,0,3.47
guaprt,2.4.2.8,-28.34,2.24,-28.34,-5.72,C00119 + C00242 <=> C00013 + C00144,not regulated,not activated,not inhibited,no $K_I$,0,0,5.72
gui1,5.3.1.12,0.55,2.96,0.55,0.22,C00191 <=> C00905,regulated,not activated,inhibited,no $K_I$,1,3,0.22
gui2,5.3.1.12,1.39,2.09,1.39,0.56,C00333 <=> C00558,not regulated,not activated,not inhibited,no $K_I$,0,0,0.56
h2so,,-834.55,7.0,-800.32,-161.51,2 C00007 + C00283 <=> C00059,not regulated,not activated,not inhibited,no $K_I$,0,0,161.51
hacd1,1.1.1.35,-15.5,1.21,-15.5,-3.13,C00004 + C00332 <=> C00003 + C01144,not regulated,not activated,not inhibited,no $K_I$,0,0,3.13
hacd2,1.1.1.35,-21.98,1.48,-21.98,-4.44,C00004 + C05269 <=> C00003 + C05268,not regulated,not activated,not inhibited,no $K_I$,0,0,4.44
hacd3,1.1.1.35,-17.97,0.98,-17.97,-3.63,C00004 + C05267 <=> C00003 + C05266,not regulated,not activated,not inhibited,no $K_I$,0,0,3.63
hacd4,1.1.1.35,-17.97,0.98,-17.97,-3.63,C00004 + C05265 <=> C00003 + C05264,not regulated,not activated,not inhibited,no $K_I$,0,0,3.63
hacd5,1.1.1.35,-17.97,0.98,-17.97,-3.63,C00004 + C05263 <=> C00003 + C05262,not regulated,not activated,not inhibited,no $K_I$,0,0,3.63
hacd6,1.1.1.35,-17.97,0.98,-17.97,-3.63,C00004 + C05261 <=> C00003 + C05260,not regulated,not activated,not inhibited,no $K_I$,0,0,3.63
hacd7,1.1.1.35,-17.97,0.98,-17.97,-3.63,C00004 + C05259 <=> C00003 + C05258,not regulated,not activated,not inhibited,no $K_I$,0,0,3.63
hacd8,1.1.1.35,-17.97,0.98,-17.97,-3.63,C00004 + C16216 <=> C00003 + C16217,not regulated,not activated,not inhibited,no $K_I$,0,0,3.63
hadpcoadh3,,18.14,0.98,18.14,3.66,C00003 + C14145 <=> C00004 + C02232,not regulated,not activated,not inhibited,no $K_I$,0,0,3.66
hbzopt,,-78.44,2.75,-78.44,-15.83,C00156 + C04146 <=> C00013 + C05809,regulated,not activated,inhibited,no $K_I$,1,5,15.83
hco3e,4.2.1.1,-6.92,3.15,-6.92,-2.79,C00001 + C00011 <=> C00288,regulated,not activated,inhibited,no $K_I$,0,1,2.79
hetzk,2.7.1.50,-18.09,1.78,-18.09,-3.65,C00002 + C04294 <=> C00008 + C04327,not regulated,not activated,not inhibited,no $K_I$,0,0,3.65
hex1,2.7.1.2,-18.29,0.44,-18.29,-3.69,C00002 + C00031 <=> C00008 + C00092,not regulated,not activated,not inhibited,no $K_I$,0,0,3.69
hex4,2.7.1.7,-17.81,1.44,-17.81,-3.59,C00002 + C00159 <=> C00008 + C00275,not regulated,not activated,not inhibited,no $K_I$,0,0,3.59
hex7,2.7.1.1,-15.68,0.6,-15.68,-3.16,C00002 + C00095 <=> C00008 + C00085,not regulated,not activated,not inhibited,no $K_I$,0,0,3.16
histd,1.1.1.23,-11.94,2.19,-11.94,-1.61,C00001 + 2 C00003 + C00860 <=> 2 C00004 + C00135,regulated,not activated,inhibited,no $K_I$,1,1,1.61
histp,3.1.3.15,-18.68,2.16,-35.79,-9.63,C00001 + C01100 <=> C00009 + C00860,regulated,not activated,inhibited,no $K_I$,1,3,9.63
hknddh,,-54.53,2.54,-71.64,-19.28,C00001 + C04479 <=> C00042 + C00596,not regulated,not activated,not inhibited,no $K_I$,0,0,19.28
hkntdh,,-54.65,2.81,-71.76,-19.31,C00001 + C12624 <=> C00122 + C00596,not regulated,not activated,not inhibited,no $K_I$,0,0,19.31
hmpk1,2.7.1.49,-13.0,1.22,-13.0,-2.62,C00002 + C01279 <=> C00008 + C04556,regulated,not activated,inhibited,has $K_I$,1,2,2.62
hopntal,,10.23,1.78,-6.89,-1.85,C03589 <=> C00022 + C00084,regulated,not activated,inhibited,has $K_I$,1,4,1.85
hppk2,2.7.6.3,-10.14,2.42,-10.14,-2.05,C00002 + C01300 <=> C00020 + C04807,not regulated,not activated,not inhibited,no $K_I$,0,0,2.05
hpppndo,1.13.11.16,-259.58,5.27,-242.46,-65.24,C00007 + C04044 <=> C04479,not regulated,not activated,not inhibited,no $K_I$,0,0,65.24
hpyri,5.3.1.22,1.41,1.75,1.41,0.57,C00168 <=> C01146,not regulated,not activated,not inhibited,no $K_I$,0,0,0.57
hpyrrx,,-29.36,0.4,-29.36,-5.92,C00004 + C00168 <=> C00003 + C00258,not regulated,not activated,not inhibited,no $K_I$,0,0,5.92
hpyrry,,-29.54,0.52,-29.54,-5.96,C00005 + C00168 <=> C00006 + C00258,not regulated,not activated,not inhibited,no $K_I$,0,0,5.96
hsdy,1.1.1.3,20.59,1.71,20.59,4.16,C00006 + C00263 <=> C00005 + C00441,regulated,activated,inhibited,no $K_I$,3,7,4.16
hsk,2.7.1.39,-31.85,4.51,-31.85,-6.43,C00002 + C00263 <=> C00008 + C01102,regulated,not activated,inhibited,has $K_I$,6,13,6.43
hsst,2.3.1.46,-22.63,5.46,-22.63,-4.57,C00091 + C00263 <=> C00010 + C01118,regulated,not activated,inhibited,no $K_I$,4,3,4.57
hstpt,2.6.1.9,7.9,2.96,7.9,1.6,C00025 + C01267 <=> C00026 + C01100,not regulated,not activated,not inhibited,no $K_I$,0,0,1.6
hxand,,14.74,3.81,14.74,2.98,C00001 + C00003 + C00262 <=> C00004 + C00385,not regulated,not activated,not inhibited,no $K_I$,0,0,2.98
hxct,2.8.3.8,-4.95,1.45,-4.95,-1.0,C00024 + C01585 <=> C00033 + C05270,not regulated,not activated,not inhibited,no $K_I$,0,0,1.0
hxprt,2.4.2.8,-26.41,1.59,-26.41,-5.33,C00119 + C00262 <=> C00013 + C00130,not regulated,not activated,not inhibited,no $K_I$,0,0,5.33
hyd1pp,1.18.99.1,-119.29,4.19,-102.17,-27.49,C00282 + C00399 <=> C00390,not regulated,not activated,not inhibited,no $K_I$,0,0,27.49
hyd2pp,1.18.99.1,-83.23,4.19,-66.11,-17.79,C00282 + C00828 <=> C05819,not regulated,not activated,not inhibited,no $K_I$,0,0,17.79
hypoe,,-13.79,2.69,-30.91,-8.32,C00001 + C00647 <=> C00009 + C00534,not regulated,not activated,not inhibited,no $K_I$,0,0,8.32
icdhyr,1.1.1.42,5.97,3.23,-11.14,-1.8,C00006 + C00311 <=> C00005 + C00011 + C00026,regulated,not activated,inhibited,has $K_I$,1,2,1.8
ichors,5.4.99.6,0.98,1.71,0.98,0.4,C00251 <=> C00885,not regulated,not activated,not inhibited,no $K_I$,0,0,0.4
ichorsi,5.4.4.2,0.98,1.71,0.98,0.4,C00251 <=> C00885,not regulated,not activated,not inhibited,no $K_I$,0,0,0.4
ichort,3.3.2.1,-43.53,2.81,-60.65,-16.32,C00001 + C00885 <=> C00022 + C04171,not regulated,not activated,not inhibited,no $K_I$,0,0,16.32
icl,4.1.3.1,9.44,1.36,-7.67,-2.07,C00311 <=> C00042 + C00048,regulated,not activated,inhibited,has $K_I$,5,13,2.07
idond,,-18.13,0.98,-18.13,-3.66,C00004 + C01062 <=> C00003 + C00770,not regulated,not activated,not inhibited,no $K_I$,0,0,3.66
idond2,,-18.31,1.0,-18.31,-3.7,C00005 + C01062 <=> C00006 + C00770,not regulated,not activated,not inhibited,no $K_I$,0,0,3.7
igpdh,4.2.1.19,-41.66,1.96,-41.66,-16.82,C04666 <=> C00001 + C01267,regulated,not activated,inhibited,no $K_I$,0,1,16.82
igps,4.1.1.48,-83.11,5.92,-100.23,-26.97,C01302 <=> C00001 + C00011 + C03506,regulated,not activated,inhibited,no $K_I$,0,1,26.97
ileta,2.6.1.42,-4.32,3.54,-4.32,-0.87,C00026 + C00407 <=> C00025 + C00671,regulated,not activated,inhibited,no $K_I$,3,1,0.87
impc,3.5.4.10,18.33,5.46,18.33,7.4,C00001 + C00130 <=> C04734,not regulated,not activated,not inhibited,no $K_I$,0,0,7.4
impd,1.1.1.205,19.6,3.8,19.6,3.95,C00001 + C00003 + C00130 <=> C00004 + C00655,regulated,activated,inhibited,has $K_I$,7,11,3.95
insh,3.2.2.8,-3.96,1.77,-21.07,-5.67,C00001 + C00294 <=> C00121 + C00262,not regulated,not activated,not inhibited,no $K_I$,0,0,5.67
insk,2.7.1.73,-21.85,1.89,-21.85,-4.41,C00002 + C00294 <=> C00008 + C00130,not regulated,not activated,not inhibited,no $K_I$,0,0,4.41
ipddi,5.3.3.2,-4.9,2.96,-4.9,-1.98,C00129 <=> C00235,not regulated,not activated,not inhibited,no $K_I$,0,0,1.98
ipdps,,-58.99,1.85,-58.99,-11.9,C00004 + C11811 <=> C00001 + C00003 + C00129,not regulated,not activated,not inhibited,no $K_I$,0,0,11.9
ipmd,1.1.1.85,18.15,0.98,18.15,3.66,C00003 + C04411 <=> C00004 + C04236,not regulated,not activated,not inhibited,no $K_I$,0,0,3.66
ippmia,4.2.1.33,-3.21,1.88,-3.21,-1.3,C04411 <=> C00001 + C02631,not regulated,not activated,not inhibited,no $K_I$,0,0,1.3
ippmib,4.2.1.33,-3.18,1.89,-3.18,-1.28,C00001 + C02631 <=> C02504,not regulated,not activated,not inhibited,no $K_I$,0,0,1.28
ipps,4.1.3.12,-27.87,1.34,-27.87,-5.62,C00001 + C00024 + C00141 <=> C00010 + C02504,regulated,not activated,inhibited,no $K_I$,0,1,5.62
kara1,1.1.1.86,18.32,1.0,18.32,3.7,C00006 + C04272 <=> C00005 + C06010,regulated,not activated,inhibited,has $K_I$,2,3,3.7
kara2,1.1.1.86,-18.32,1.0,-18.32,-3.7,C00005 + C06006 <=> C00006 + C06007,not regulated,not activated,not inhibited,no $K_I$,0,0,3.7
kdopp,3.1.3.45,-10.65,1.23,-27.76,-7.47,C00001 + C04478 <=> C00009 + C01187,regulated,activated,inhibited,no $K_I$,2,6,7.47
kdops,2.5.1.55,-63.75,2.55,-63.75,-12.87,C00001 + C00074 + C01112 <=> C00009 + C04478,regulated,not activated,inhibited,no $K_I$,3,6,12.87
kg6pdc,4.1.1.85,-9.7,3.08,-26.81,-7.21,C14899 <=> C00011 + C03291,regulated,not activated,inhibited,no $K_I$,1,1,7.21
l_lacd2,1.1.2.3,-57.24,3.05,-57.24,-11.55,C00186 + C00399 <=> C00022 + C00390,not regulated,not activated,not inhibited,no $K_I$,0,0,11.55
l_lacd3,1.1.2.3,-21.18,3.05,-21.18,-4.27,C00186 + C00828 <=> C00022 + C05819,not regulated,not activated,not inhibited,no $K_I$,0,0,4.27
lacz,3.2.1.23,-10.89,1.06,-28.0,-7.53,C00001 + C00243 <=> C00031 + C00124,regulated,not activated,inhibited,has $K_I$,7,12,7.53
laczpp,3.2.1.108,-10.89,1.06,-28.0,-7.53,C00001 + C00243 <=> C00031 + C00124,not regulated,not activated,not inhibited,no $K_I$,0,0,7.53
laldo2x,1.1.1.21,-15.46,1.69,-15.46,-3.12,C00004 + C00546 <=> C00003 + C00937,not regulated,not activated,not inhibited,no $K_I$,0,0,3.12
laldo3,1.1.1.21,-8.38,2.12,-8.38,-1.69,C00005 + C00546 <=> C00006 + C00424,not regulated,not activated,not inhibited,no $K_I$,0,0,1.69
lcadi,1.2.1.21,-50.45,2.06,-50.45,-10.18,C00001 + C00003 + C00424 <=> C00004 + C00186,regulated,activated,inhibited,no $K_I$,4,10,10.18
lcarr,1.1.1.77,-20.62,1.01,-20.62,-4.16,C00004 + C00937 <=> C00003 + C02912,not regulated,not activated,not inhibited,no $K_I$,0,0,4.16
lcars,1.1.1.77,-27.88,1.53,-27.88,-5.63,C00004 + C00424 <=> C00003 + C02917,not regulated,not activated,not inhibited,no $K_I$,0,0,5.63
ldh_d,1.1.1.28,21.91,2.09,21.91,4.42,C00003 + C00256 <=> C00004 + C00022,regulated,activated,inhibited,no $K_I$,1,5,4.42
ldh_d2,1.1.2.4,-60.31,3.67,-60.31,-12.17,C00256 + C00399 <=> C00022 + C00390,not regulated,not activated,not inhibited,no $K_I$,0,0,12.17
leutai,2.6.1.42,0.8,1.59,0.8,0.16,C00025 + C00233 <=> C00026 + C00123,not regulated,not activated,not inhibited,no $K_I$,0,0,0.16
lgthl,4.4.1.5,-23.47,2.96,-6.36,-1.71,C00051 + C00546 <=> C03451,not regulated,not activated,not inhibited,no $K_I$,0,0,1.71
lpadss,2.4.1.182,-24.02,1.74,-24.02,-4.85,C04652 + C04824 <=> C00015 + C04932,not regulated,not activated,not inhibited,no $K_I$,0,0,4.85
lserdhr,1.1.1.298,18.05,1.85,18.05,3.64,C00006 + C00065 <=> C00005 + C11822,not regulated,not activated,not inhibited,no $K_I$,0,0,3.64
lysdc,4.1.1.18,-23.96,3.54,-41.07,-11.05,C00047 <=> C00011 + C01672,regulated,not activated,inhibited,has $K_I$,2,6,11.05
lyxi,,12.75,2.48,12.75,5.15,C01508 <=> C00312,not regulated,not activated,not inhibited,no $K_I$,0,0,5.15
m1pd,1.1.1.17,8.66,1.22,8.66,1.75,C00003 + C00644 <=> C00004 + C00085,not regulated,not activated,not inhibited,no $K_I$,0,0,1.75
malddh,1.1.1.83,22.25,5.25,5.14,0.83,C00003 + C00497 <=> C00004 + C00011 + C00022,not regulated,not activated,not inhibited,no $K_I$,0,0,0.83
mals,2.3.3.9,-35.26,2.1,-35.26,-7.12,C00001 + C00024 + C00048 <=> C00010 + C00149,regulated,not activated,inhibited,has $K_I$,2,3,7.12
maltatr,2.3.1.79,-2.74,3.66,-2.74,-0.55,C00024 + C00208 <=> C00010 + C02130,regulated,not activated,inhibited,no $K_I$,1,1,0.55
maltptspp,,-39.49,2.8,-39.49,-7.97,C00074 + C00208 <=> C00022 + C02995,not regulated,not activated,not inhibited,no $K_I$,0,0,7.97
man1pt2,2.7.7.22,6.81,3.26,6.81,1.37,C00035 + C00636 <=> C00009 + C00096,not regulated,not activated,not inhibited,no $K_I$,0,0,1.37
man6pi,5.3.1.8,-0.67,1.17,-0.67,-0.27,C00275 <=> C00085,regulated,not activated,inhibited,no $K_I$,1,1,0.27
manao,1.1.1.57,11.55,1.88,11.55,2.33,C00003 + C00514 <=> C00004 + C00905,regulated,activated,inhibited,no $K_I$,4,8,2.33
manpgh,,-9.69,2.31,-26.8,-7.21,C00001 + C16699 <=> C00258 + C00275,not regulated,not activated,not inhibited,no $K_I$,0,0,7.21
manptspp,,-43.62,1.5,-43.62,-8.8,C00074 + C00159 <=> C00022 + C00275,not regulated,not activated,not inhibited,no $K_I$,0,0,8.8
mcitd,4.2.1.79,-0.76,2.85,-0.76,-0.31,C02225 <=> C00001 + C04225,regulated,activated,not inhibited,no $K_I$,1,1,0.31
mcitl2,4.1.3.30,10.15,3.01,-6.96,-1.87,C04593 <=> C00022 + C00042,regulated,not activated,inhibited,no $K_I$,0,1,1.87
mcits,2.3.3.5,-42.16,3.38,-42.16,-8.51,C00001 + C00036 + C00100 <=> C00010 + C02225,not regulated,not activated,not inhibited,no $K_I$,0,0,8.51
mcpst,2.8.1.2,-81.2,5.46,-81.2,-16.39,C00957 + C01326 <=> C00022 + C01755,regulated,not activated,inhibited,no $K_I$,1,3,16.39
mdh,1.1.1.37,27.83,0.31,27.83,5.62,C00003 + C00149 <=> C00004 + C00036,not regulated,not activated,not inhibited,no $K_I$,0,0,5.62
mdh2,1.1.99.16,-54.39,3.03,-54.39,-10.98,C00149 + C00399 <=> C00036 + C00390,not regulated,not activated,not inhibited,no $K_I$,0,0,10.98
mdh3,1.1.99.16,-18.33,3.03,-18.33,-3.7,C00149 + C00828 <=> C00036 + C05819,not regulated,not activated,not inhibited,no $K_I$,0,0,3.7
me1,1.1.1.38,13.0,3.16,-4.11,-0.66,C00003 + C00149 <=> C00004 + C00011 + C00022,not regulated,not activated,not inhibited,no $K_I$,0,0,0.66
me2,1.1.1.40,13.18,3.18,-3.93,-0.63,C00006 + C00149 <=> C00005 + C00011 + C00022,regulated,activated,inhibited,no $K_I$,2,15,0.63
mepct,2.7.7.60,-3.91,1.65,-3.91,-0.79,C00063 + C11434 <=> C00013 + C11435,regulated,not activated,inhibited,has $K_I$,1,1,0.79
mets,2.1.1.13,-10.04,5.21,-10.04,-2.03,C00155 + C00440 <=> C00073 + C00101,regulated,activated,inhibited,no $K_I$,2,5,2.03
mgsa,4.2.3.3,-56.13,1.94,-73.25,-19.71,C00111 <=> C00009 + C00546,regulated,activated,inhibited,has $K_I$,6,8,19.71
mi1pp,3.1.3.25,-20.35,1.41,-37.47,-10.08,C00001 + C01177 <=> C00009 + C00137,regulated,activated,inhibited,no $K_I$,3,3,10.08
micitdr,4.2.1.99,0.76,2.85,0.76,0.31,C00001 + C04225 <=> C04593,not regulated,not activated,not inhibited,no $K_I$,0,0,0.31
mltg1,,-12.91,4.29,-30.03,-8.08,C00001 + C01835 <=> C00031 + C00208,regulated,not activated,inhibited,no $K_I$,1,3,8.08
mltg2,,-13.39,1.77,-30.5,-8.21,C00001 + C02052 <=> C00031 + C01835,not regulated,not activated,not inhibited,no $K_I$,0,0,8.21
mmcd,4.1.1.41,-15.88,5.99,-32.99,-8.88,C00683 <=> C00011 + C00100,not regulated,not activated,not inhibited,no $K_I$,0,0,8.88
mmm,5.4.99.2,7.57,3.63,7.57,3.06,C00091 <=> C00683,not regulated,not activated,not inhibited,no $K_I$,0,0,3.06
mn6pp,,-9.27,1.43,-26.39,-7.1,C00001 + C00275 <=> C00009 + C00159,not regulated,not activated,not inhibited,no $K_I$,0,0,7.1
mnnh,4.2.1.8,-37.43,3.71,-37.43,-15.11,C00514 <=> C00001 + C00204,regulated,activated,inhibited,no $K_I$,0,5,15.11
mohmt,2.1.2.11,5.58,4.96,5.58,1.13,C00001 + C00141 + C00143 <=> C00101 + C00966,regulated,not activated,inhibited,no $K_I$,3,7,1.13
mox,1.1.3.3,-103.1,4.23,-103.1,-20.81,C00007 + C00149 <=> C00027 + C00036,not regulated,not activated,not inhibited,no $K_I$,0,0,20.81
mtan,3.2.2.16,-11.69,2.21,-28.8,-7.75,C00001 + C00170 <=> C00147 + C03089,not regulated,not activated,not inhibited,no $K_I$,0,0,7.75
mthfc,3.5.4.9,-5.7,0.92,-5.7,-2.3,C00001 + C00445 <=> C00234,regulated,not activated,inhibited,no $K_I$,0,1,2.3
mthfd,1.5.1.5,7.44,1.15,7.44,1.5,C00006 + C00143 <=> C00005 + C00445,regulated,not activated,inhibited,no $K_I$,1,4,1.5
mthfr2,1.5.1.20,-35.33,4.22,-35.33,-7.13,C00004 + C00143 <=> C00003 + C00440,regulated,not activated,inhibited,has $K_I$,2,2,7.13
mtrpox,1.5.3.2,-61.04,7.33,-78.15,-12.62,C00001 + C00007 + C02983 <=> C00027 + C00067 + C00078,not regulated,not activated,not inhibited,no $K_I$,0,0,12.62
nacoda,,-8.46,1.8,-25.57,-6.88,C00001 + C01250 <=> C00033 + C01165,not regulated,not activated,not inhibited,no $K_I$,0,0,6.88
naddp,3.6.1.22,-40.18,3.02,-57.29,-15.42,C00001 + C00003 <=> C00020 + C00455,not regulated,not activated,not inhibited,no $K_I$,0,0,15.42
nadh10,1.6.5.3,-46.16,3.01,-46.16,-9.32,C00004 + C00828 <=> C00003 + C05819,not regulated,not activated,not inhibited,no $K_I$,0,0,9.32
nadh16pp,1.6.5.3,-82.22,3.01,-82.22,-16.59,C00004 + C00399 <=> C00003 + C00390,regulated,activated,inhibited,no $K_I$,0,3,16.59
nadh17pp,1.6.5.3,-46.16,3.01,-46.16,-9.32,C00004 + C00828 <=> C00003 + C05819,not regulated,not activated,not inhibited,no $K_I$,0,0,9.32
nadh5,1.6.5.3,-82.22,3.01,-82.22,-16.59,C00004 + C00399 <=> C00003 + C00390,not regulated,not activated,not inhibited,no $K_I$,0,0,16.59
nadk,2.7.1.23,-13.72,2.96,-13.72,-2.77,C00002 + C00003 <=> C00006 + C00008,regulated,not activated,inhibited,no $K_I$,2,3,2.77
nadn,3.2.2.5,-38.56,3.23,-55.68,-14.98,C00001 + C00003 <=> C00153 + C00301,not regulated,not activated,not inhibited,no $K_I$,0,0,14.98
nadphqr2,1.6.99.6,-82.4,3.02,-82.4,-16.63,C00005 + C00399 <=> C00006 + C00390,not regulated,not activated,not inhibited,no $K_I$,0,0,16.63
nadphqr3,1.6.99.6,-46.34,3.02,-46.34,-9.35,C00005 + C00828 <=> C00006 + C05819,not regulated,not activated,not inhibited,no $K_I$,0,0,9.35
nadppps,,-13.36,2.98,-30.48,-8.2,C00001 + C00006 <=> C00003 + C00009,not regulated,not activated,not inhibited,no $K_I$,0,0,8.2
nadtrhd,,-0.18,0.34,-0.18,-0.04,C00003 + C00005 <=> C00004 + C00006,not regulated,not activated,not inhibited,no $K_I$,0,0,0.04
namnpp,2.4.2.11,-26.77,2.98,-43.89,-5.06,C00001 + C00002 + C00119 + C00253 <=> C00008 + C00009 + C00013 + C01185,not regulated,not activated,not inhibited,no $K_I$,0,0,5.06
ndpk1,2.7.4.6,-2.5,1.35,-2.5,-0.5,C00002 + C00035 <=> C00008 + C00044,regulated,not activated,inhibited,no $K_I$,0,4,0.5
ndpk2,2.7.4.6,-3.0,1.28,-3.0,-0.6,C00002 + C00015 <=> C00008 + C00075,not regulated,not activated,not inhibited,no $K_I$,0,0,0.6
ndpk3,2.7.4.6,-0.49,2.34,-0.49,-0.1,C00002 + C00112 <=> C00008 + C00063,not regulated,not activated,not inhibited,no $K_I$,0,0,0.1
ndpk4,2.7.4.6,2.22,2.62,2.22,0.45,C00002 + C00363 <=> C00008 + C00459,not regulated,not activated,not inhibited,no $K_I$,0,0,0.45
ndpk5,2.7.4.6,2.74,2.39,2.74,0.55,C00002 + C00361 <=> C00008 + C00286,not regulated,not activated,not inhibited,no $K_I$,0,0,0.55
ndpk6,2.7.4.6,1.14,1.26,1.14,0.23,C00002 + C01346 <=> C00008 + C00460,not regulated,not activated,not inhibited,no $K_I$,0,0,0.23
ndpk7,2.7.4.6,4.32,2.39,4.32,0.87,C00002 + C00705 <=> C00008 + C00458,not regulated,not activated,not inhibited,no $K_I$,0,0,0.87
ndpk8,2.7.4.6,3.13,1.46,3.13,0.63,C00002 + C00206 <=> C00008 + C00131,not regulated,not activated,not inhibited,no $K_I$,0,0,0.63
nhfrbo,2.7.1.5,-288.06,6.66,-270.95,-43.74,C00004 + 2 C00533 <=> C00001 + C00003 + C00887,not regulated,not activated,not inhibited,no $K_I$,0,0,43.74
nmnat,2.7.7.1,2.19,2.96,2.19,0.44,C00002 + C00455 <=> C00003 + C00013,regulated,activated,inhibited,no $K_I$,1,2,0.44
nmnn,3.2.2.14,-25.03,5.07,-42.14,-11.34,C00001 + C00455 <=> C00117 + C00153,not regulated,not activated,not inhibited,no $K_I$,0,0,11.34
nmnt7pp,3.2.2.14,-25.03,5.07,-42.14,-11.34,C00001 + C00455 <=> C00117 + C00153,not regulated,not activated,not inhibited,no $K_I$,0,0,11.34
nnatr,2.7.7.18,-20.74,4.57,-20.74,-4.19,C00002 + C01185 <=> C00013 + C00857,not regulated,not activated,not inhibited,no $K_I$,0,0,4.19
nndmbrt,,-23.84,3.87,-23.84,-4.81,C01185 + C03114 <=> C00253 + C04778,not regulated,not activated,not inhibited,no $K_I$,0,0,4.81
nndpr,2.4.2.19,-18.06,4.24,-35.18,-5.68,C00119 + C03722 <=> C00011 + C00013 + C01185,regulated,not activated,inhibited,no $K_I$,1,2,5.68
no3r1bpp,1.7.99.4,-58.83,5.19,-58.83,-11.87,C00244 + C00390 <=> C00001 + C00088 + C00399,not regulated,not activated,not inhibited,no $K_I$,0,0,11.87
no3r1pp,1.7.99.4,-58.83,5.19,-58.83,-11.87,C00244 + C00390 <=> C00001 + C00088 + C00399,not regulated,not activated,not inhibited,no $K_I$,0,0,11.87
no3r2bpp,1.7.99.4,-94.89,5.19,-94.89,-19.15,C00244 + C05819 <=> C00001 + C00088 + C00828,regulated,not activated,inhibited,has $K_I$,1,2,19.15
no3r2pp,,-94.89,5.19,-94.89,-19.15,C00244 + C05819 <=> C00001 + C00088 + C00828,not regulated,not activated,not inhibited,no $K_I$,0,0,19.15
nodox,1.14.12.17,-490.25,10.27,-456.02,-46.01,C00004 + 2 C00007 + 2 C00533 <=> C00003 + 2 C00244,regulated,activated,inhibited,no $K_I$,2,3,46.01
nodoy,1.14.12.17,-490.43,10.27,-456.2,-46.03,C00005 + 2 C00007 + 2 C00533 <=> C00006 + 2 C00244,not regulated,not activated,not inhibited,no $K_I$,0,0,46.03
ntd1,3.1.3.5,-12.36,1.23,-29.47,-7.93,C00001 + C00365 <=> C00009 + C00526,regulated,not activated,inhibited,no $K_I$,1,10,7.93
ntd10,3.1.3.5,-11.79,2.16,-28.9,-7.78,C00001 + C00655 <=> C00009 + C01762,regulated,activated,inhibited,has $K_I$,3,12,7.78
ntd10pp,3.1.3.5,-11.79,2.16,-28.9,-7.78,C00001 + C00655 <=> C00009 + C01762,not regulated,not activated,not inhibited,no $K_I$,0,0,7.78
ntd11,3.1.3.5,-5.24,1.88,-22.36,-6.02,C00001 + C00130 <=> C00009 + C00294,not regulated,not activated,not inhibited,no $K_I$,0,0,6.02
ntd11pp,3.1.3.5,-5.24,1.88,-22.36,-6.02,C00001 + C00130 <=> C00009 + C00294,not regulated,not activated,not inhibited,no $K_I$,0,0,6.02
ntd12,3.1.3.5,-14.98,2.38,-32.1,-8.64,C00001 + C06196 <=> C00009 + C05512,not regulated,not activated,not inhibited,no $K_I$,0,0,8.64
ntd12pp,3.1.3.5,-14.98,2.38,-32.1,-8.64,C00001 + C06196 <=> C00009 + C05512,not regulated,not activated,not inhibited,no $K_I$,0,0,8.64
ntd1pp,3.1.3.5,-12.36,1.23,-29.47,-7.93,C00001 + C00365 <=> C00009 + C00526,not regulated,not activated,not inhibited,no $K_I$,0,0,7.93
ntd2,3.1.3.5,-8.69,4.17,-25.8,-6.94,C00001 + C00105 <=> C00009 + C00299,not regulated,not activated,not inhibited,no $K_I$,0,0,6.94
ntd2pp,3.1.3.5,-8.69,4.17,-25.8,-6.94,C00001 + C00105 <=> C00009 + C00299,not regulated,not activated,not inhibited,no $K_I$,0,0,6.94
ntd3,3.1.3.5,-15.61,2.33,-32.73,-8.81,C00001 + C00239 <=> C00009 + C00881,not regulated,not activated,not inhibited,no $K_I$,0,0,8.81
ntd3pp,3.1.3.5,-15.61,2.33,-32.73,-8.81,C00001 + C00239 <=> C00009 + C00881,not regulated,not activated,not inhibited,no $K_I$,0,0,8.81
ntd4,3.1.3.5,-15.06,2.76,-32.18,-8.66,C00001 + C00055 <=> C00009 + C00475,not regulated,not activated,not inhibited,no $K_I$,0,0,8.66
ntd4pp,3.1.3.5,-15.06,2.76,-32.18,-8.66,C00001 + C00055 <=> C00009 + C00475,not regulated,not activated,not inhibited,no $K_I$,0,0,8.66
ntd5,3.1.3.5,-10.43,2.97,-27.55,-7.41,C00001 + C00364 <=> C00009 + C00214,not regulated,not activated,not inhibited,no $K_I$,0,0,7.41
ntd5pp,3.1.3.5,-10.43,2.97,-27.55,-7.41,C00001 + C00364 <=> C00009 + C00214,not regulated,not activated,not inhibited,no $K_I$,0,0,7.41
ntd6,3.1.3.5,-16.46,2.56,-33.58,-9.03,C00001 + C00360 <=> C00009 + C00559,not regulated,not activated,not inhibited,no $K_I$,0,0,9.03
ntd6pp,3.1.3.5,-16.46,2.56,-33.58,-9.03,C00001 + C00360 <=> C00009 + C00559,not regulated,not activated,not inhibited,no $K_I$,0,0,9.03
ntd7,3.1.3.5,-13.86,1.42,-30.98,-8.33,C00001 + C00020 <=> C00009 + C00212,not regulated,not activated,not inhibited,no $K_I$,0,0,8.33
ntd7pp,3.1.3.5,-13.86,1.42,-30.98,-8.33,C00001 + C00020 <=> C00009 + C00212,not regulated,not activated,not inhibited,no $K_I$,0,0,8.33
ntd8,3.1.3.5,-14.07,2.33,-31.18,-8.39,C00001 + C00362 <=> C00009 + C00330,not regulated,not activated,not inhibited,no $K_I$,0,0,8.39
ntd8pp,3.1.3.5,-14.07,2.33,-31.18,-8.39,C00001 + C00362 <=> C00009 + C00330,not regulated,not activated,not inhibited,no $K_I$,0,0,8.39
ntd9,3.1.3.5,-5.49,3.4,-22.61,-6.08,C00001 + C00144 <=> C00009 + C00387,not regulated,not activated,not inhibited,no $K_I$,0,0,6.08
ntd9pp,3.1.3.5,-5.49,3.4,-22.61,-6.08,C00001 + C00144 <=> C00009 + C00387,not regulated,not activated,not inhibited,no $K_I$,0,0,6.08
ntp1,3.6.1.15,-27.09,0.31,-44.2,-11.89,C00001 + C00002 <=> C00008 + C00009,not regulated,not activated,not inhibited,no $K_I$,0,0,11.89
ntp10,3.6.1.15,-30.81,1.48,-47.92,-12.89,C00001 + C00081 <=> C00009 + C00104,not regulated,not activated,not inhibited,no $K_I$,0,0,12.89
ntp11,3.6.1.15,-29.72,1.27,-46.84,-12.6,C00001 + C01345 <=> C00009 + C01344,not regulated,not activated,not inhibited,no $K_I$,0,0,12.6
ntp12,3.6.1.15,-29.72,1.27,-46.84,-12.6,C00001 + C00700 <=> C00009 + C01337,regulated,not activated,inhibited,no $K_I$,0,3,12.6
ntp3,3.6.1.15,-24.59,1.37,-41.71,-11.22,C00001 + C00044 <=> C00009 + C00035,not regulated,not activated,not inhibited,no $K_I$,0,0,11.22
ntp3pp,3.6.1.15,-24.59,1.37,-41.71,-11.22,C00001 + C00044 <=> C00009 + C00035,not regulated,not activated,not inhibited,no $K_I$,0,0,11.22
ntp5,3.6.1.15,-26.6,2.32,-43.71,-11.76,C00001 + C00063 <=> C00009 + C00112,not regulated,not activated,not inhibited,no $K_I$,0,0,11.76
ntpp1,,-43.34,2.42,-60.46,-16.27,C00001 + C00286 <=> C00013 + C00362,regulated,not activated,inhibited,no $K_I$,1,9,16.27
ntpp10,3.6.1.19,-43.22,2.52,-60.33,-16.23,C00001 + C01345 <=> C00013 + C06196,not regulated,not activated,not inhibited,no $K_I$,0,0,16.23
ntpp11,3.6.1.19,-43.22,2.52,-60.33,-16.23,C00001 + C00700 <=> C00013 + C00655,not regulated,not activated,not inhibited,no $K_I$,0,0,16.23
ntpp2,,-34.62,1.89,-51.74,-13.92,C00001 + C00044 <=> C00013 + C00144,not regulated,not activated,not inhibited,no $K_I$,0,0,13.92
ntpp3,,-41.7,2.42,-58.81,-15.82,C00001 + C00458 <=> C00013 + C00239,not regulated,not activated,not inhibited,no $K_I$,0,0,15.82
ntpp4,,-36.83,2.33,-53.95,-14.52,C00001 + C00063 <=> C00013 + C00055,not regulated,not activated,not inhibited,no $K_I$,0,0,14.52
ntpp5,,-43.22,2.52,-60.34,-16.24,C00001 + C00131 <=> C00013 + C00360,not regulated,not activated,not inhibited,no $K_I$,0,0,16.24
ntpp6,,-37.99,0.58,-55.1,-14.83,C00001 + C00002 <=> C00013 + C00020,not regulated,not activated,not inhibited,no $K_I$,0,0,14.83
ntpp7,,-38.94,2.62,-56.05,-15.08,C00001 + C00459 <=> C00013 + C00364,not regulated,not activated,not inhibited,no $K_I$,0,0,15.08
ntpp8,,-31.73,3.89,-48.84,-13.14,C00001 + C00075 <=> C00013 + C00105,not regulated,not activated,not inhibited,no $K_I$,0,0,13.14
ntpp9,3.6.1.19,-11.75,2.96,-28.86,-7.77,C00001 + C00081 <=> C00013 + C00130,not regulated,not activated,not inhibited,no $K_I$,0,0,7.77
oaadc,4.1.1.3,-14.83,3.16,-31.94,-8.59,C00036 <=> C00011 + C00022,not regulated,not activated,not inhibited,no $K_I$,0,0,8.59
obtfl,2.3.1.54,-2.06,4.8,-2.06,-0.42,C00010 + C00109 <=> C00058 + C00100,regulated,activated,inhibited,no $K_I$,7,6,0.42
ocbt,2.1.3.3,-6.45,4.13,-6.45,-1.3,C00169 + C01602 <=> C00009 + C00327,regulated,not activated,inhibited,has $K_I$,1,13,1.3
octdps,,-377.12,14.58,-377.12,-25.37,5 C00129 + C00448 <=> 5 C00013 + C04146,not regulated,not activated,not inhibited,no $K_I$,0,0,25.37
ohpbat,2.6.1.52,9.92,1.84,9.92,2.0,C00025 + C06054 <=> C00026 + C06055,not regulated,not activated,not inhibited,no $K_I$,0,0,2.0
omcdc,,-16.91,4.35,-34.03,-9.16,C04236 <=> C00011 + C00233,not regulated,not activated,not inhibited,no $K_I$,0,0,9.16
ompdc,4.1.1.23,-26.04,8.58,-43.15,-11.61,C01103 <=> C00011 + C00105,regulated,not activated,inhibited,has $K_I$,2,2,11.61
op4enh,4.2.1.80,-0.72,1.48,-0.72,-0.29,C00001 + C00596 <=> C03589,not regulated,not activated,not inhibited,no $K_I$,0,0,0.29
ophbdc,,-8.89,3.33,-26.0,-7.0,C05809 <=> C00011 + C05810,regulated,activated,not inhibited,no $K_I$,1,2,7.0
ophhx,,-211.37,2.36,-202.81,-65.48,0.5 C00007 + C05810 <=> C05811,not regulated,not activated,not inhibited,no $K_I$,0,0,65.48
ophhx3,,-38.08,2.12,-72.31,-5.84,3 C00001 + 2 C00002 + C00003 + C05810 <=> C00004 + 2 C00008 + 2 C00009 + C05811,not regulated,not activated,not inhibited,no $K_I$,0,0,5.84
orndc,4.1.1.17,-20.99,3.11,-38.1,-10.25,C01602 <=> C00011 + C00134,regulated,activated,inhibited,no $K_I$,0,7,10.25
orpt,2.4.2.10,-11.02,1.32,-11.02,-2.22,C00013 + C01103 <=> C00119 + C00295,regulated,not activated,inhibited,no $K_I$,1,7,2.22
oxamtc,2.1.3.5,7.33,4.97,7.33,1.48,C00009 + C00802 <=> C00169 + C01444,not regulated,not activated,not inhibited,no $K_I$,0,0,1.48
p5cd,1.5.1.12,-57.79,5.21,-57.79,-11.66,2 C00001 + C00003 + C03912 <=> C00004 + C00025,not regulated,not activated,not inhibited,no $K_I$,0,0,11.66
p5cr,1.5.1.2,-46.72,2.96,-46.72,-9.43,C00005 + C03912 <=> C00006 + C00148,regulated,not activated,inhibited,has $K_I$,1,4,9.43
paccoal,6.2.1.30,-12.45,2.0,-12.45,-1.68,C00002 + C00010 + C07086 <=> C00013 + C00020 + C00582,not regulated,not activated,not inhibited,no $K_I$,0,0,1.68
pants,6.3.2.1,-44.91,1.34,-44.91,-6.04,C00002 + C00099 + C00522 <=> C00013 + C00020 + C00864,regulated,not activated,inhibited,no $K_I$,6,23,6.04
pappt3,2.7.8.13,0.5,3.47,0.5,0.1,C00348 + C04882 <=> C00105 + C05897,not regulated,not activated,not inhibited,no $K_I$,0,0,0.1
papsr,1.8.4.8,-38.14,6.19,-55.25,-8.92,C00053 + C00342 <=> C00054 + C00094 + C00343,regulated,not activated,inhibited,has $K_I$,2,2,8.92
pde1,3.1.4.17,-43.9,1.14,-43.9,-17.72,C00001 + C00575 <=> C00020,not regulated,not activated,not inhibited,no $K_I$,0,0,17.72
pdh,1.2.4.1,-35.65,3.25,-35.65,-4.8,C00003 + C00010 + C00022 <=> C00004 + C00011 + C00024,not regulated,not activated,not inhibited,no $K_I$,0,0,4.8
pdx5po2,,18.69,1.01,18.69,3.77,C00003 + C00627 <=> C00004 + C00018,not regulated,not activated,not inhibited,no $K_I$,0,0,3.77
pdx5poi,1.4.3.5,-112.24,4.27,-112.24,-22.65,C00007 + C00627 <=> C00018 + C00027,regulated,not activated,inhibited,has $K_I$,5,2,22.65
pdx5ps,,-231.17,5.48,-248.28,-28.63,C00003 + C06055 + C11437 <=> 2 C00001 + C00004 + C00009 + C00011 + C00627,not regulated,not activated,not inhibited,no $K_I$,0,0,28.63
pdxpp,,-17.04,2.17,-34.16,-9.19,C00001 + C00627 <=> C00009 + C00314,not regulated,not activated,not inhibited,no $K_I$,0,0,9.19
perd,,18.16,0.98,18.16,3.66,C00003 + C03393 <=> C00004 + C06054,not regulated,not activated,not inhibited,no $K_I$,0,0,3.66
pfk,2.7.1.11,-17.72,0.68,-17.72,-3.58,C00002 + C00085 <=> C00008 + C00354,regulated,activated,inhibited,no $K_I$,9,8,3.58
pfk_2,2.7.1.11,-19.64,1.22,-19.64,-3.96,C00002 + C01097 <=> C00008 + C03785,not regulated,not activated,not inhibited,no $K_I$,0,0,3.96
pfl,2.3.1.54,-21.16,1.51,-21.16,-4.27,C00010 + C00022 <=> C00024 + C00058,not regulated,not activated,not inhibited,no $K_I$,0,0,4.27
pgamt,5.4.2.10,-3.07,1.71,-3.07,-1.24,C06156 <=> C00352,regulated,not activated,inhibited,no $K_I$,1,3,1.24
pgcd,1.1.1.95,32.02,0.57,32.02,6.46,C00003 + C00197 <=> C00004 + C03232,regulated,not activated,inhibited,no $K_I$,10,10,6.46
pgi,5.3.1.9,2.52,0.39,2.52,1.02,C00092 <=> C00085,regulated,not activated,inhibited,no $K_I$,1,2,1.02
pgk,2.7.2.3,18.64,0.45,18.64,3.76,C00002 + C00197 <=> C00008 + C00236,not regulated,not activated,not inhibited,no $K_I$,0,0,3.76
pgl,3.1.1.31,-23.79,1.68,-23.79,-9.6,C00001 + C01236 <=> C00345,not regulated,not activated,not inhibited,no $K_I$,0,0,9.6
pglycp,3.1.3.18,-28.69,2.07,-45.8,-12.32,C00001 + C00988 <=> C00009 + C00160,regulated,activated,not inhibited,no $K_I$,1,1,12.32
pgm,5.4.2.1,-4.15,0.36,-4.15,-1.68,C00631 <=> C00197,not regulated,not activated,not inhibited,no $K_I$,0,0,1.68
pgmt,5.4.2.2,-7.42,0.75,-7.42,-2.99,C00103 <=> C00092,not regulated,not activated,not inhibited,no $K_I$,0,0,2.99
pheta1,2.6.1.58,-0.1,2.09,-0.1,-0.02,C00026 + C00079 <=> C00025 + C00166,not regulated,not activated,not inhibited,no $K_I$,0,0,0.02
pmanm,5.4.2.8,-4.32,1.51,-4.32,-1.74,C00636 <=> C00275,not regulated,not activated,not inhibited,no $K_I$,0,0,1.74
pmdpht,,-13.84,1.23,-30.95,-8.33,C00001 + C04454 <=> C00009 + C04732,not regulated,not activated,not inhibited,no $K_I$,0,0,8.33
pmpk,2.7.4.7,-3.03,1.8,-3.03,-0.61,C00002 + C04556 <=> C00008 + C04752,not regulated,not activated,not inhibited,no $K_I$,0,0,0.61
pntk,2.7.1.33,-9.51,4.12,-9.51,-1.92,C00002 + C00864 <=> C00008 + C03492,regulated,not activated,inhibited,no $K_I$,4,10,1.92
pox,1.2.2.2,-150.01,4.36,-167.13,-26.98,C00001 + C00022 + C00399 <=> C00011 + C00033 + C00390,not regulated,not activated,not inhibited,no $K_I$,0,0,26.98
ppa,3.6.1.1,-14.86,0.19,-31.97,-8.6,C00001 + C00013 <=> 2 C00009,regulated,activated,inhibited,no $K_I$,3,4,8.6
ppakr,2.7.2.1,-33.26,2.83,-33.26,-6.71,C00008 + C02876 <=> C00002 + C00163,not regulated,not activated,not inhibited,no $K_I$,0,0,6.71
ppbngs,4.2.1.24,-110.63,4.01,-93.51,-25.16,2 C00430 <=> 2 C00001 + C00931,regulated,not activated,inhibited,no $K_I$,1,2,25.16
ppc,4.1.1.31,-38.07,3.15,-38.07,-7.68,C00001 + C00011 + C00074 <=> C00009 + C00036,regulated,activated,inhibited,no $K_I$,3,10,7.68
ppcdc,4.1.1.36,-20.96,3.11,-38.08,-10.25,C04352 <=> C00011 + C01134,regulated,not activated,inhibited,no $K_I$,1,2,10.25
ppck,4.1.1.49,10.98,3.16,-6.14,-0.99,C00002 + C00036 <=> C00008 + C00011 + C00074,regulated,activated,inhibited,no $K_I$,4,10,0.99
ppcsct,,-17.33,3.27,-17.33,-3.5,C00042 + C00100 <=> C00091 + C00163,not regulated,not activated,not inhibited,no $K_I$,0,0,3.5
ppgppdp,3.1.7.2,-22.36,7.6,-39.48,-10.62,C00001 + C01228 <=> C00013 + C00035,not regulated,not activated,not inhibited,no $K_I$,0,0,10.62
ppkr,2.7.4.1,-12.23,0.32,-12.23,-2.47,C00002 + C00009 <=> C00008 + C00013,not regulated,not activated,not inhibited,no $K_I$,0,0,2.47
ppm,5.4.2.7,-11.67,1.53,-11.67,-4.71,C00620 <=> C00117,not regulated,not activated,not inhibited,no $K_I$,0,0,4.71
ppm2,5.4.2.7,-28.93,3.4,-28.93,-11.68,C00672 <=> C00673,regulated,activated,inhibited,no $K_I$,2,9,11.68
ppncl2,6.3.2.5,-48.27,4.93,-48.27,-6.49,C00063 + C00097 + C03492 <=> C00013 + C00055 + C04352,regulated,not activated,inhibited,no $K_I$,0,1,6.49
ppnd,1.3.1.12,-13.92,9.3,-31.04,-5.01,C00003 + C00254 <=> C00004 + C00011 + C01179,not regulated,not activated,not inhibited,no $K_I$,0,0,5.01
ppndh,4.2.1.51,-70.04,9.34,-87.16,-23.45,C00254 <=> C00001 + C00011 + C00166,not regulated,not activated,not inhibited,no $K_I$,0,0,23.45
pps,2.7.9.2,0.05,0.5,-17.07,-2.76,C00001 + C00002 + C00022 <=> C00009 + C00020 + C00074,regulated,not activated,inhibited,no $K_I$,4,12,2.76
pragsr,6.3.4.13,-23.01,2.2,-23.01,-3.1,C00002 + C00037 + C03090 <=> C00008 + C00009 + C03838,regulated,not activated,inhibited,no $K_I$,0,2,3.1
praii,5.3.1.24,-5.79,1.21,-5.79,-2.34,C04302 <=> C01302,regulated,not activated,inhibited,no $K_I$,1,1,2.34
prascsi,6.3.2.6,-70.01,5.15,-70.01,-9.42,C00002 + C00049 + C04751 <=> C00008 + C00009 + C04823,regulated,not activated,inhibited,has $K_I$,1,1,9.42
prmici,5.3.1.16,-5.76,1.21,-5.76,-2.33,C04896 <=> C04916,not regulated,not activated,not inhibited,no $K_I$,0,0,2.33
prod2,1.5.99.8,34.95,4.23,34.95,7.05,C00016 + C00148 <=> C01352 + C03912,not regulated,not activated,not inhibited,no $K_I$,0,0,7.05
prpps,2.7.6.1,-3.46,1.46,-3.46,-0.7,C00002 + C00117 <=> C00020 + C00119,regulated,activated,inhibited,has $K_I$,3,4,0.7
pscvt,2.5.1.19,-12.79,2.29,-12.79,-2.58,C00074 + C03175 <=> C00009 + C01269,regulated,activated,inhibited,no $K_I$,3,4,2.58
psert,2.6.1.52,-11.06,0.38,-11.06,-2.23,C00025 + C03232 <=> C00026 + C01005,not regulated,not activated,not inhibited,no $K_I$,0,0,2.23
psp_l,3.1.3.3,-10.13,0.28,-27.24,-7.33,C00001 + C01005 <=> C00009 + C00065,regulated,not activated,inhibited,no $K_I$,0,1,7.33
psp_lpp,,-10.13,0.28,-27.24,-7.33,C00001 + C01005 <=> C00009 + C00065,not regulated,not activated,not inhibited,no $K_I$,0,0,7.33
pta2,,17.53,3.31,17.53,3.54,C00009 + C00100 <=> C00010 + C02876,regulated,activated,inhibited,no $K_I$,2,6,3.54
ptar,2.3.1.8,9.43,0.61,9.43,1.9,C00009 + C00024 <=> C00010 + C00227,not regulated,not activated,not inhibited,no $K_I$,0,0,1.9
ptpati,2.7.7.3,-13.72,5.16,-13.72,-2.77,C00002 + C01134 <=> C00013 + C00882,regulated,not activated,inhibited,has $K_I$,1,4,2.77
ptrcta,2.6.1.29,3.38,1.9,3.38,0.68,C00026 + C00134 <=> C00025 + C00555,not regulated,not activated,not inhibited,no $K_I$,0,0,0.68
punp1,2.4.2.1,7.91,1.34,7.91,1.6,C00009 + C00212 <=> C00147 + C00620,regulated,not activated,inhibited,no $K_I$,2,3,1.6
punp2,2.4.2.1,11.03,3.42,11.03,2.23,C00009 + C00559 <=> C00147 + C00672,not regulated,not activated,not inhibited,no $K_I$,0,0,2.23
punp3,2.4.2.1,10.98,2.09,10.98,2.21,C00009 + C00387 <=> C00242 + C00620,not regulated,not activated,not inhibited,no $K_I$,0,0,2.21
punp4,2.4.2.1,15.48,3.75,15.48,3.12,C00009 + C00330 <=> C00242 + C00672,not regulated,not activated,not inhibited,no $K_I$,0,0,3.12
punp5,2.4.2.1,8.79,1.08,8.79,1.77,C00009 + C00294 <=> C00262 + C00620,not regulated,not activated,not inhibited,no $K_I$,0,0,1.77
punp6,2.4.2.1,9.5,1.71,9.5,1.92,C00009 + C05512 <=> C00262 + C00672,not regulated,not activated,not inhibited,no $K_I$,0,0,1.92
punp7,2.4.2.1,10.48,2.96,10.48,2.11,C00009 + C01762 <=> C00385 + C00620,not regulated,not activated,not inhibited,no $K_I$,0,0,2.11
pydamk,2.7.1.35,-13.3,2.68,-13.3,-2.68,C00002 + C00534 <=> C00008 + C00647,regulated,not activated,inhibited,has $K_I$,0,3,2.68
pydxk,2.7.1.35,-15.76,1.98,-15.76,-3.18,C00002 + C00250 <=> C00008 + C00018,not regulated,not activated,not inhibited,no $K_I$,0,0,3.18
pydxnk,2.7.1.35,-10.05,2.17,-10.05,-2.03,C00002 + C00314 <=> C00008 + C00627,not regulated,not activated,not inhibited,no $K_I$,0,0,2.03
pydxpp,,-11.32,1.98,-28.44,-7.65,C00001 + C00018 <=> C00009 + C00250,not regulated,not activated,not inhibited,no $K_I$,0,0,7.65
pyk,2.7.1.40,-25.81,0.43,-25.81,-5.21,C00008 + C00074 <=> C00002 + C00022,regulated,activated,inhibited,no $K_I$,3,7,5.21
pynp2r,2.4.2.2,1.14,1.32,1.14,0.23,C00009 + C00299 <=> C00106 + C00620,regulated,not activated,inhibited,no $K_I$,2,4,0.23
quindh,1.1.1.282,14.14,2.96,14.14,2.85,C00003 + C00296 <=> C00004 + C00944,not regulated,not activated,not inhibited,no $K_I$,0,0,2.85
qulns,,-226.92,3.84,-226.92,-45.79,C00111 + C05840 <=> 2 C00001 + C00009 + C03722,regulated,not activated,inhibited,no $K_I$,1,2,45.79
r15bpk,,9.05,2.51,9.05,1.83,C00002 + C01151 <=> C00008 + C00119,not regulated,not activated,not inhibited,no $K_I$,0,0,1.83
r1pk,,-25.51,2.58,-25.51,-5.15,C00002 + C00620 <=> C00008 + C01151,not regulated,not activated,not inhibited,no $K_I$,0,0,5.15
r5pp,,-1.08,1.74,-18.19,-4.89,C00001 + C00117 <=> C00009 + C00121,not regulated,not activated,not inhibited,no $K_I$,0,0,4.89
r5pppp,,-1.08,1.74,-18.19,-4.89,C00001 + C00117 <=> C00009 + C00121,not regulated,not activated,not inhibited,no $K_I$,0,0,4.89
rbfk,2.7.1.26,2.76,5.95,2.76,0.56,C00002 + C00255 <=> C00008 + C00061,not regulated,not activated,not inhibited,no $K_I$,0,0,0.56
rbfsa,2.5.1.78,-83.34,10.78,-83.34,-16.82,C04732 + C15556 <=> 2 C00001 + C00009 + C04332,not regulated,not activated,not inhibited,no $K_I$,0,0,16.82
rbk,2.7.1.15,-26.01,1.75,-26.01,-5.25,C00002 + C00121 <=> C00008 + C00117,regulated,not activated,inhibited,no $K_I$,2,3,5.25
rbk_l1,2.7.1.16,-13.25,2.34,-13.25,-2.67,C00002 + C00508 <=> C00008 + C01101,not regulated,not activated,not inhibited,no $K_I$,0,0,2.67
rbp4e,5.1.3.4,-0.49,1.32,-0.49,-0.2,C01101 <=> C00231,regulated,not activated,inhibited,no $K_I$,1,1,0.2
rhcce,4.4.1.21,-12.14,2.63,-29.26,-7.87,C03539 <=> C00155 + C11838,not regulated,not activated,not inhibited,no $K_I$,0,0,7.87
rmi,5.3.1.14,0.18,1.71,0.18,0.07,C00507 <=> C00861,not regulated,not activated,not inhibited,no $K_I$,0,0,0.07
rmk,2.7.1.5,-3.28,2.78,-3.28,-0.66,C00002 + C00861 <=> C00008 + C01131,not regulated,not activated,not inhibited,no $K_I$,0,0,0.66
rmpa,4.1.2.19,6.41,2.96,-10.7,-2.88,C01131 <=> C00111 + C00424,regulated,not activated,inhibited,has $K_I$,3,5,2.88
rndr1,1.17.4.1,-44.47,3.64,-44.47,-8.97,C00008 + C00342 <=> C00001 + C00206 + C00343,regulated,activated,inhibited,has $K_I$,14,12,8.97
rndr2,1.17.4.1,-38.51,2.97,-38.51,-7.77,C00035 + C00342 <=> C00001 + C00343 + C00361,not regulated,not activated,not inhibited,no $K_I$,0,0,7.77
rndr3,1.17.4.1,-40.5,2.88,-40.5,-8.17,C00112 + C00342 <=> C00001 + C00343 + C00705,not regulated,not activated,not inhibited,no $K_I$,0,0,8.17
rndr4,1.17.4.1,-39.55,2.29,-39.55,-7.98,C00015 + C00342 <=> C00001 + C00343 + C01346,not regulated,not activated,not inhibited,no $K_I$,0,0,7.98
rpe,5.1.3.1,-3.37,1.16,-3.37,-1.36,C00199 <=> C00231,not regulated,not activated,not inhibited,no $K_I$,0,0,1.36
rpi,5.3.1.6,2.01,0.77,2.01,0.81,C00117 <=> C00199,regulated,not activated,inhibited,has $K_I$,2,5,0.81
rz5pp,,-13.97,1.23,-31.09,-8.36,C00001 + C04778 <=> C00009 + C05775,not regulated,not activated,not inhibited,no $K_I$,0,0,8.36
s7pi,,1.48,2.28,1.48,0.6,C05382 <=> C07836,not regulated,not activated,not inhibited,no $K_I$,0,0,0.6
sadt2,,23.79,1.8,6.67,0.77,C00001 + C00002 + C00044 + C00059 <=> C00009 + C00013 + C00035 + C00224,not regulated,not activated,not inhibited,no $K_I$,0,0,0.77
sarcox,1.5.3.1,-76.99,5.83,-94.1,-15.19,C00001 + C00007 + C00213 <=> C00027 + C00037 + C00067,not regulated,not activated,not inhibited,no $K_I$,0,0,15.19
sbtpd,1.1.1.140,13.1,1.75,13.1,2.64,C00003 + C01096 <=> C00004 + C00085,regulated,not activated,inhibited,no $K_I$,1,1,2.64
sdpds,3.5.1.18,8.01,3.7,-9.1,-2.45,C00001 + C04421 <=> C00042 + C00666,not regulated,not activated,not inhibited,no $K_I$,0,0,2.45
sdpta,2.6.1.17,0.39,2.96,0.39,0.08,C00026 + C04421 <=> C00025 + C04462,regulated,not activated,inhibited,no $K_I$,1,1,0.08
serat,2.3.1.30,-6.86,2.96,-6.86,-1.38,C00024 + C00065 <=> C00010 + C00979,regulated,not activated,inhibited,has $K_I$,6,6,1.38
sfgthi,3.1.2.12,-16.23,2.63,-33.34,-8.97,C00001 + C01031 <=> C00051 + C00058,not regulated,not activated,not inhibited,no $K_I$,0,0,8.97
sgds,,-1.76,3.56,-18.87,-5.08,C00001 + C05931 <=> C00025 + C00042,not regulated,not activated,not inhibited,no $K_I$,0,0,5.08
sgsad,,-44.84,1.12,-44.84,-9.05,C00001 + C00003 + C05932 <=> C00004 + C05931,not regulated,not activated,not inhibited,no $K_I$,0,0,9.05
shk3dr,1.1.1.25,-76.82,4.03,-76.82,-15.5,C00005 + C02637 <=> C00006 + C00493,not regulated,not activated,not inhibited,no $K_I$,0,0,15.5
shkk,2.7.1.71,-7.05,1.68,-7.05,-1.42,C00002 + C00493 <=> C00008 + C03175,not regulated,not activated,not inhibited,no $K_I$,0,0,1.42
shsl1,2.5.1.48,-62.63,5.53,-62.63,-12.64,C00097 + C01118 <=> C00042 + C02291,not regulated,not activated,not inhibited,no $K_I$,0,0,12.64
sota,,-1.43,1.9,-1.43,-0.29,C00026 + C03415 <=> C00025 + C05932,not regulated,not activated,not inhibited,no $K_I$,0,0,0.29
spmdat1,2.3.1.57,-20.22,1.76,-20.22,-4.08,C00024 + C00315 <=> C00010 + C00612,not regulated,not activated,not inhibited,no $K_I$,0,0,4.08
spmdat2,2.3.1.57,-20.1,1.76,-20.1,-4.06,C00024 + C00315 <=> C00010 + C01029,regulated,not activated,inhibited,no $K_I$,1,1,4.06
ssalx,1.2.1.24,-37.9,2.38,-37.9,-7.65,C00001 + C00003 + C00232 <=> C00004 + C00042,not regulated,not activated,not inhibited,no $K_I$,0,0,7.65
ssaly,1.2.1.16,-37.71,2.39,-37.71,-7.61,C00001 + C00006 + C00232 <=> C00005 + C00042,not regulated,not activated,not inhibited,no $K_I$,0,0,7.61
sucbzl,6.2.1.26,-15.64,1.47,-15.64,-2.1,C00002 + C00010 + C02730 <=> C00013 + C00020 + C03160,regulated,not activated,inhibited,no $K_I$,1,3,2.1
sucbzs,,-12.7,5.99,-12.7,-5.13,C05817 <=> C00001 + C02730,not regulated,not activated,not inhibited,no $K_I$,0,0,5.13
sucdi,1.3.5.1,-21.58,3.62,-21.58,-4.35,C00042 + C00399 <=> C00122 + C00390,not regulated,not activated,not inhibited,no $K_I$,0,0,4.35
sucoas,6.2.1.5,-1.6,1.35,-1.6,-0.22,C00002 + C00010 + C00042 <=> C00008 + C00009 + C00091,regulated,activated,inhibited,no $K_I$,2,5,0.22
sulri,1.8.1.2,-117.6,4.79,-117.6,-11.87,3 C00005 + C00094 <=> 3 C00001 + 3 C00006 + C00283,regulated,not activated,inhibited,has $K_I$,7,16,11.87
tagurr,1.1.1.58,11.97,1.56,11.97,2.42,C00003 + C00817 <=> C00004 + C00558,regulated,not activated,inhibited,no $K_I$,2,3,2.42
tala,2.2.1.2,-0.71,1.43,-0.71,-0.14,C00118 + C05382 <=> C00085 + C00279,regulated,not activated,inhibited,no $K_I$,4,5,0.14
tartd,4.2.1.32,-35.28,1.97,-35.28,-14.24,C00898 <=> C00001 + C00036,not regulated,not activated,not inhibited,no $K_I$,0,0,14.24
tdp,3.6.1.15,-25.3,1.79,-42.42,-11.41,C00001 + C00068 <=> C00009 + C01081,not regulated,not activated,not inhibited,no $K_I$,0,0,11.41
tdpagta,2.6.1.33,1.81,2.96,1.81,0.37,C00025 + C11907 <=> C00026 + C04268,not regulated,not activated,not inhibited,no $K_I$,0,0,0.37
tdpdre,5.1.3.13,-12.34,1.9,-12.34,-4.98,C11907 <=> C00688,not regulated,not activated,not inhibited,no $K_I$,0,0,4.98
tdpdrr,1.1.1.133,-3.99,1.56,-3.99,-0.81,C00005 + C00688 <=> C00006 + C03319,not regulated,not activated,not inhibited,no $K_I$,0,0,0.81
tdpgdh,4.2.1.46,-46.2,2.99,-46.2,-18.65,C00842 <=> C00001 + C11907,regulated,not activated,inhibited,no $K_I$,2,3,18.65
tgbpa,4.1.2.40,19.63,2.24,2.51,0.68,C03785 <=> C00111 + C00118,not regulated,not activated,not inhibited,no $K_I$,0,0,0.68
thd2pp,1.6.1.1,0.18,0.34,0.18,0.04,C00004 + C00006 <=> C00003 + C00005,regulated,activated,inhibited,no $K_I$,1,11,0.04
thdps,2.3.1.117,20.95,5.22,20.95,4.23,C00001 + C00091 + C03972 <=> C00010 + C04462,regulated,not activated,inhibited,no $K_I$,0,3,4.23
thiordxi,,-315.52,3.62,-298.41,-80.29,C00027 + C00342 <=> 2 C00001 + C00343,not regulated,not activated,not inhibited,no $K_I$,0,0,80.29
thra2i,4.1.2.5,-2.48,2.21,-19.6,-5.27,C05519 <=> C00037 + C00084,not regulated,not activated,not inhibited,no $K_I$,0,0,5.27
thrai,4.1.2.5,9.9,2.26,-7.21,-1.94,C00188 <=> C00037 + C00084,not regulated,not activated,not inhibited,no $K_I$,0,0,1.94
thrd,1.1.1.103,27.77,2.7,27.77,5.6,C00003 + C00188 <=> C00004 + C03508,regulated,activated,inhibited,no $K_I$,0,5,5.6
thrs,4.2.3.1,-28.19,2.79,-45.31,-12.19,C00001 + C01102 <=> C00009 + C00188,not regulated,not activated,not inhibited,no $K_I$,0,0,12.19
tkt1,2.2.1.1,-3.82,1.94,-3.82,-0.77,C00117 + C00231 <=> C00118 + C05382,regulated,activated,inhibited,no $K_I$,3,4,0.77
tkt2,2.2.1.1,-10.11,1.94,-10.11,-2.04,C00231 + C00279 <=> C00085 + C00118,not regulated,not activated,not inhibited,no $K_I$,0,0,2.04
tmaor1,,-196.49,4.26,-196.49,-39.65,C01104 + C05819 <=> C00001 + C00565 + C00828,not regulated,not activated,not inhibited,no $K_I$,0,0,39.65
tmaor1pp,,-196.49,4.26,-196.49,-39.65,C01104 + C05819 <=> C00001 + C00565 + C00828,not regulated,not activated,not inhibited,no $K_I$,0,0,39.65
tmdk1,2.7.1.21,-16.66,2.98,-16.66,-3.36,C00002 + C00214 <=> C00008 + C00364,not regulated,not activated,not inhibited,no $K_I$,0,0,3.36
tmdpp,2.4.2.4,4.99,4.52,4.99,1.01,C00009 + C00214 <=> C00178 + C00672,not regulated,not activated,not inhibited,no $K_I$,0,0,1.01
tmds,2.1.1.45,-44.47,2.95,-44.47,-8.97,C00143 + C00365 <=> C00364 + C00415,regulated,not activated,inhibited,no $K_I$,5,5,8.97
tmk,2.7.1.89,-5.15,2.51,-5.15,-1.04,C00002 + C00378 <=> C00008 + C01081,regulated,activated,not inhibited,no $K_I$,1,2,1.04
tmpk,2.7.4.16,-1.78,1.8,-1.78,-0.36,C00002 + C01081 <=> C00008 + C00068,regulated,activated,inhibited,no $K_I$,1,6,0.36
tmppp,2.5.1.3,-5.03,2.96,-5.03,-1.01,C04327 + C04752 <=> C00013 + C01081,regulated,not activated,inhibited,no $K_I$,2,8,1.01
tpi,5.3.1.1,5.52,0.56,5.52,2.23,C00111 <=> C00118,regulated,not activated,inhibited,has $K_I$,1,1,2.23
trdr,1.8.1.9,-8.66,1.49,-8.66,-1.75,C00005 + C00343 <=> C00006 + C00342,regulated,activated,inhibited,has $K_I$,6,6,1.75
tre6ph,3.2.1.93,-9.7,1.94,-26.82,-7.22,C00001 + C00689 <=> C00031 + C00092,not regulated,not activated,not inhibited,no $K_I$,0,0,7.22
tre6pp,3.1.3.12,-6.84,2.23,-23.95,-6.45,C00001 + C00689 <=> C00009 + C01083,not regulated,not activated,not inhibited,no $K_I$,0,0,6.45
tre6ps,2.4.1.15,-18.01,1.89,-18.01,-3.63,C00029 + C00092 <=> C00015 + C00689,regulated,activated,not inhibited,no $K_I$,0,1,3.63
treh,3.2.1.28,-11.66,1.09,-28.77,-7.74,C00001 + C01083 <=> 2 C00031,regulated,not activated,inhibited,no $K_I$,1,2,7.74
trehpp,3.2.1.28,-11.66,1.09,-28.77,-7.74,C00001 + C01083 <=> 2 C00031,not regulated,not activated,not inhibited,no $K_I$,0,0,7.74
treptspp,,-46.05,2.24,-46.05,-9.29,C00074 + C01083 <=> C00022 + C00689,regulated,not activated,inhibited,no $K_I$,3,3,9.29
trps1,4.2.1.20,-30.53,3.17,-30.53,-6.16,C00065 + C03506 <=> C00001 + C00078 + C00118,not regulated,not activated,not inhibited,no $K_I$,0,0,6.16
trps2,4.2.1.20,-49.73,1.13,-32.61,-8.77,C00065 + C00463 <=> C00001 + C00078,not regulated,not activated,not inhibited,no $K_I$,0,0,8.77
trps3,4.2.1.20,19.19,2.96,2.08,0.56,C03506 <=> C00118 + C00463,not regulated,not activated,not inhibited,no $K_I$,0,0,0.56
trsarr,1.1.1.60,-30.76,1.71,-30.76,-6.21,C00004 + C01146 <=> C00003 + C00258,not regulated,not activated,not inhibited,no $K_I$,0,0,6.21
tyrta,2.6.1.5,0.37,2.09,0.37,0.07,C00026 + C00082 <=> C00025 + C01179,not regulated,not activated,not inhibited,no $K_I$,0,0,0.07
uaagds,6.3.2.13,-21.65,2.26,-21.65,-2.91,C00002 + C00680 + C00692 <=> C00008 + C00009 + C04877,regulated,activated,inhibited,no $K_I$,1,7,2.91
uacgamppp,3.6.1.45,-33.01,4.89,-50.12,-13.49,C00001 + C00043 <=> C00105 + C04256,not regulated,not activated,not inhibited,no $K_I$,0,0,13.49
uacmamo,,-25.58,1.33,-25.58,-3.44,C00001 + 2 C00003 + C01170 <=> 2 C00004 + C06240,regulated,activated,not inhibited,no $K_I$,1,2,3.44
uag2e,5.1.3.14,0.03,2.68,0.03,0.01,C00043 <=> C01170,regulated,activated,not inhibited,no $K_I$,2,1,0.01
uagcvt,2.5.1.7,-12.51,3.73,-12.51,-2.53,C00043 + C00074 <=> C00009 + C04631,regulated,not activated,inhibited,no $K_I$,4,8,2.53
uagdp,2.7.7.23,1.28,2.96,1.28,0.26,C00075 + C04256 <=> C00013 + C00043,regulated,not activated,inhibited,no $K_I$,1,1,0.26
uagpt3,,-16.53,3.49,-16.53,-3.34,C00043 + C05897 <=> C00015 + C05898,regulated,activated,inhibited,no $K_I$,5,7,3.34
uamags,6.3.2.9,-29.24,3.16,-29.24,-3.93,C00002 + C00217 + C01212 <=> C00008 + C00009 + C00692,regulated,not activated,inhibited,no $K_I$,2,2,3.93
uamas,6.3.2.8,-27.06,2.22,-27.06,-3.64,C00002 + C00041 + C01050 <=> C00008 + C00009 + C01212,regulated,not activated,inhibited,no $K_I$,5,6,3.64
uapgr,1.1.1.158,-58.42,1.27,-58.42,-11.79,C00005 + C04631 <=> C00006 + C01050,regulated,activated,inhibited,no $K_I$,2,8,11.79
udcpdp,3.6.1.27,-28.5,1.28,-45.62,-12.27,C00001 + C04574 <=> C00009 + C00348,not regulated,not activated,not inhibited,no $K_I$,0,0,12.27
udcpdppp,3.6.1.27,-28.5,1.28,-45.62,-12.27,C00001 + C04574 <=> C00009 + C00348,not regulated,not activated,not inhibited,no $K_I$,0,0,12.27
udpg4e,5.1.3.2,2.95,0.84,2.95,1.19,C00029 <=> C00052,regulated,activated,inhibited,no $K_I$,3,4,1.19
udpgalm,5.4.99.9,4.78,1.83,4.78,1.93,C00052 <=> C03733,regulated,activated,not inhibited,no $K_I$,1,1,1.93
udpgalppp,3.6.1.45,-31.12,4.18,-48.23,-12.98,C00001 + C00052 <=> C00105 + C00446,regulated,activated,inhibited,no $K_I$,1,2,12.98
udpgd,1.1.1.22,-21.42,2.21,-21.42,-2.88,C00001 + 2 C00003 + C00029 <=> 2 C00004 + C00167,regulated,activated,inhibited,no $K_I$,1,2,2.88
udpgdc,,-2.88,3.75,-20.0,-3.23,C00003 + C00167 <=> C00004 + C00011 + C16155,not regulated,not activated,not inhibited,no $K_I$,0,0,3.23
udpgppp,3.6.1.45,-33.99,3.82,-51.11,-13.75,C00001 + C00029 <=> C00103 + C00105,not regulated,not activated,not inhibited,no $K_I$,0,0,13.75
udpkaat,,26.45,2.39,26.45,5.34,C00025 + C16155 <=> C00026 + C16153,not regulated,not activated,not inhibited,no $K_I$,0,0,5.34
uglt,2.7.7.12,-2.88,1.75,-2.88,-0.58,C00029 + C00446 <=> C00052 + C00103,regulated,activated,inhibited,no $K_I$,4,5,0.58
ugmdds,6.3.2.15,-29.06,1.71,-29.06,-3.91,C00002 + C00993 + C04877 <=> C00008 + C00009 + C04882,regulated,activated,inhibited,no $K_I$,1,4,3.91
uhgada,,-6.7,1.8,-23.81,-6.41,C00001 + C04738 <=> C00033 + C06022,regulated,not activated,inhibited,no $K_I$,2,1,6.41
ula4nft,,1.78,5.44,1.78,0.36,C00234 + C16153 <=> C00101 + C16154,not regulated,not activated,not inhibited,no $K_I$,0,0,0.36
um4pcp,,-0.07,2.47,-17.19,-4.62,C00001 + C04804 <=> C00133 + C04877,not regulated,not activated,not inhibited,no $K_I$,0,0,4.62
umpk,2.7.4.14,-4.6,3.22,-4.6,-0.93,C00002 + C00105 <=> C00008 + C00015,not regulated,not activated,not inhibited,no $K_I$,0,0,0.93
uppdc1,4.1.1.37,-24.7,12.48,-93.16,-12.53,C01051 <=> 4 C00011 + C03263,not regulated,not activated,not inhibited,no $K_I$,0,0,12.53
upprt,2.4.2.9,-15.32,4.38,-15.32,-3.09,C00106 + C00119 <=> C00013 + C00105,regulated,activated,inhibited,no $K_I$,4,4,3.09
urdglycd,1.1.1.154,-12.53,5.4,-12.53,-2.53,C00003 + C00603 <=> C00004 + C00802,not regulated,not activated,not inhibited,no $K_I$,0,0,2.53
uric,1.7.3.3,-93.58,8.72,-110.69,-17.87,2 C00001 + C00007 + C00366 <=> C00011 + C00027 + C01551,not regulated,not activated,not inhibited,no $K_I$,0,0,17.87
urih,3.2.2.8,-11.6,2.21,-28.72,-7.73,C00001 + C00299 <=> C00106 + C00121,not regulated,not activated,not inhibited,no $K_I$,0,0,7.73
urik2,2.7.1.48,-15.91,4.38,-15.91,-3.21,C00044 + C00299 <=> C00035 + C00105,not regulated,not activated,not inhibited,no $K_I$,0,0,3.21
ushd,,-30.4,3.39,-47.52,-12.79,C00001 + C04652 <=> C00105 + C04824,not regulated,not activated,not inhibited,no $K_I$,0,0,12.79
valta,2.6.1.42,3.53,3.5,3.53,0.71,C00026 + C00183 <=> C00025 + C00141,regulated,not activated,inhibited,no $K_I$,0,3,0.71
vpamtr,2.6.1.66,-3.37,3.52,-3.37,-0.68,C00041 + C00141 <=> C00022 + C00183,regulated,not activated,inhibited,no $K_I$,2,2,0.68
x5pl3e,,-0.81,2.13,-0.81,-0.33,C03291 <=> C01101,not regulated,not activated,not inhibited,no $K_I$,0,0,0.33
xand,1.1.1.204,-24.32,4.58,-24.32,-4.91,C00001 + C00003 + C00385 <=> C00004 + C00366,not regulated,not activated,not inhibited,no $K_I$,0,0,4.91
xppt,2.4.2.22,-21.55,2.41,-21.55,-4.35,C00119 + C00385 <=> C00013 + C00655,not regulated,not activated,not inhibited,no $K_I$,0,0,4.35
xtsnh,3.2.2.8,-2.27,3.45,-19.38,-5.22,C00001 + C01762 <=> C00121 + C00385,not regulated,not activated,not inhibited,no $K_I$,0,0,5.22
xyli1,5.3.1.5,3.71,0.59,3.71,1.5,C00181 <=> C00310,regulated,not activated,inhibited,no $K_I$,1,1,1.5
xyli2,5.3.1.5,-0.1,0.3,-0.1,-0.04,C00031 <=> C00095,not regulated,not activated,not inhibited,no $K_I$,0,0,0.04
xylk,2.7.1.17,-24.18,2.05,-24.18,-4.88,C00002 + C00310 <=> C00008 + C00231,not regulated,not activated,not inhibited,no $K_I$,0,0,4.88
xylk2,2.7.1.53,-22.42,2.52,-22.42,-4.52,C00002 + C00312 <=> C00008 + C03291,not regulated,not activated,not inhibited,no $K_I$,0,0,4.52
