ReactionID,EC,Metabolite,Mode,KI,Chebi
ETHAMLY-RXN,4.3.1.7,1-AMINO-PROPAN-2-OL,-,,42677
METHYLENETHFDEHYDROG-NADP-RXN,1.5.1.5,10-FORMYL-THF,-,,57454
METHENYLTHFCYCLOHYDRO-RXN,3.5.4.9,10-FORMYL-THF,-,,57454
ALDOSE1EPIM-RXN,5.1.3.3,2-DEOXY-D-GLUCOSE,-,,84755
KDGALDOL-RXN,4.1.2.20,2-KETO-3-DEOXY-6-P-GLUCONATE,-,,57569
TYROSINE-AMINOTRANSFERASE-RXN,2.6.1.57,2-KETO-ISOVALERATE,-,,11851
BRANCHED-CHAINAMINOTRANSFERLEU-RXN,2.6.1.6,2-KETO-ISOVALERATE,-,,11851
PHEAMINOTRANS-RXN,2.6.1.57,2-KETO-ISOVALERATE,-,,11851
RXN-16701,1.1.1,2-KETOGLUTARATE,-,,16810
PEPSYNTH-RXN,2.7.9.2,2-KETOGLUTARATE,-,,16810
F16ALDOLASE-RXN,4.1.2.13,2-KETOGLUTARATE,+,,16810
CITSYN-RXN,2.3.3.16,2-KETOGLUTARATE,-,,16810
GSADENYLATION-RXN,2.7.7.42,2-KETOGLUTARATE,-,,16810
DEPHOSICITDEHASE-RXN,3.1.3,2-KETOGLUTARATE,+,,16810
SUCCINYLDIAMINOPIMTRANS-RXN,2.6.1.17,2-KETOGLUTARATE,-,,16810
PHOSICITDEHASE-RXN,2.7.11.5,2-KETOGLUTARATE,-,,16810
GSDEADENYLATION-RXN,2.7.7.89,2-KETOGLUTARATE,+,,16810
ISOCIT-CLEAV-RXN,4.1.3.1,2-KETOGLUTARATE,-,,16810
KETOGLUTREDUCT-RXN,1.1.1,2-KETOGLUTARATE,-,,16810
ALPHAGALACTOSID-RXN,3.2.1.22,2-MERCAPTOETHANOL,+,,41218
GALACTOKIN-RXN,2.7.1.6,2-MERCAPTOETHANOL,+,,41218
THREODEHYD-RXN,1.1.1.103,2-MERCAPTOETHANOL,-,,41218
METHYLENETHFDEHYDROG-NADP-RXN,1.5.1.5,2-MERCAPTOETHANOL,-,,41218
GALACTUROISOM-RXN,5.3.1.12,2-MERCAPTOETHANOL,-,,41218
GLUCUROISOM-RXN,5.3.1.12,2-MERCAPTOETHANOL,-,,41218
THYMIDYLATESYN-RXN,2.1.1.45,2-MERCAPTOETHANOL,+,,41218
1.1.1.283-RXN,1.1.1.283,2-MERCAPTOETHANOL,+,,41218
BETAGALACTOSID-RXN,3.2.1.108,2-MERCAPTOETHANOL,-,,41218
GALACTARDEHYDRA-RXN,4.2.1.42,2-MERCAPTOETHANOL,+,,41218
ISOCHORSYN-RXN,5.4.4.2,2-MERCAPTOETHANOL,NIL,,41218
PYRUVDEH-RXN,1.2.1,2-OXOBUTANOATE,-,,16763
DLACTDEHYDROGNAD-RXN,1.1.1.28,2-OXOBUTANOATE,+,,16763
ACETOLACTSYN-RXN,2.2.1.6,2-OXOBUTANOATE,-,,16763
RXN0-5260,1.1.5.3,2-PG,-,,58289
DAHPSYN-RXN,2.5.1.54,2-PG,-,,58289
DIAMINOPIMDECARB-RXN,4.1.1.20,23-DIMERCAPTOPROPAN-1-OL,+,,64198
DAHPSYN-RXN,2.5.1.54,23-DIPHOSPHOGLYCERATE,-,,58248
THREODEHYD-RXN,1.1.1.103,23-PENTANEDIONE,-,,52774
GLUTDECARBOX-RXN,4.1.1.15,3-4-DIHYDROXYBENZOATE,-,,36241
GLUTDECARBOX-RXN,4.1.1.15,3-4-DIHYDROXYBENZOATE,-,,36241
1.8.4.8-RXN,1.8.4.8,3-5-ADP,-,4,58343
3.1.13.3-RXN,3.1.13.3,3-5-ADP,-,,58343
DAHPSYN-RXN,2.5.1.54,3-DEOXY-D-ARABINO-HEPTULOSONATE-7-P,-,,58394
3-DEHYDROQUINATE-SYNTHASE-RXN,4.2.3.4,3-DEOXY-D-ARABINO-HEPTULOSONATE-7-P,-,,58394
2.5.1.19-RXN,2.5.1.19,3-ENOLPYRUVYL-SHIKIMATE-5P,-,,57701
RXN-16701,1.1.1,3-P-HYDROXYPYRUVATE,-,,18110
KETOGLUTREDUCT-RXN,1.1.1,3-P-HYDROXYPYRUVATE,-,,18110
ORNDECARBOX-RXN,4.1.1.17,3-P-SERINE,-,,57524
PHENYLALANINE--TRNA-LIGASE-RXN,6.1.1.20,3-PHENYLPROPIONATE,-,,51057
ASNSYNB-RXN,6.3.5.4,3-SULFINOALANINE,-,5400,61085
CHORPYRLY-RXN,4.1.3.40,4-HYDROXYBENZALDEHYDE,-,,17597
P-PANTOCYSLIG-RXN,6.3.2.5,4-P-PANTOTHENATE,-,,10986
THRESYN-RXN,4.2.3.1,4-PHOSPHONOOXY-THREONINE,-,,58452
ADENOSYLHOMOCYSTEINE-NUCLEOSIDASE-RXN,3.2.2.9,5-ETHYLTHIOADENOSINE,-,,74046
FOLYLPOLYGLUTAMATESYNTH-RXN,6.3.2.17,5-METHYL-THF,-,,18608
ADENOSYLHOMOCYSTEINE-NUCLEOSIDASE-RXN,3.2.2.9,5-METHYLTHIOTUBERCIDIN,-,,665251
METHYLTHIOADENOSINE-NUCLEOSIDASE-RXN,3.2.2.16,5-N-PROPYLTHIOADENOSINE,-,,663476
ADENOSYLHOMOCYSTEINE-NUCLEOSIDASE-RXN,3.2.2.9,5-N-PROPYLTHIOADENOSINE,-,,663476
GLYRIBONUCSYN-RXN,6.3.4.13,5-P-BETA-D-RIBOSYL-AMINE,-,,58681
AIRS-RXN,6.3.3.1,5-PHOSPHORIBOSYL-5-AMINOIMIDAZOLE,-,,28843
H2PTEROATESYNTH-RXN,2.5.1.15,7-8-DIHYDROPTEROATE,-,,17839
FOLYLPOLYGLUTAMATESYNTH-RXN,6.3.2.17,7-8-DIHYDROPTEROATE,-,,17839
DAPASYN-RXN,2.6.1.62,8-AMINO-7-OXONONANOATE,-,,57532
GLYCDEH-RXN,1.1.1.6,8-HYDROXYQUINOLINE,-,,48981
THIOSULFATE-SULFURTRANSFERASE-RXN,2.8.1.1,ACET,-,,30089
3-DEHYDROQUINATE-DEHYDRATASE-RXN,4.2.1.10,ACET,-,,30089
R524-RXN,4.2.1.104,ACET,-,,30089
NAG6PDEACET-RXN,3.5.1.25,ACET,-,,30089
ACETYLORNDEACET-RXN,3.5.1.16,ACET,-,,30089
KDGALDOL-RXN,4.1.2.20,ACET,-,,30089
BADH-RXN,1.2.1.8,ACETALD,-,,15343
RXN-13990,4.1.3.42,ACETALD,-,,15343
ACETYL-COA-ACETYLTRANSFER-RXN,2.3.1.9,ACETOACETYL-COA,-,,57286
ACETOACETYL-COA-TRANSFER-RXN,2.8.3,ACETYL-COA,-,,57288
CITSYN-RXN,2.3.3.16,ACETYL-COA,+,,57288
MALONYL-COA-ACP-TRANSACYL-RXN,2.3.1.86,ACETYL-COA,-,,57288
PEPCARBOX-RXN,4.1.1.31,ACETYL-COA,+,,57288
PHOSPHOGLUCMUT-RXN,5.4.2.2,ACETYL-COA,-,,57288
MALIC-NADP-RXN,1.1.1.40,ACETYL-COA,-,,57288
1.1.1.39-RXN,1.1.1.38,ACETYL-COA,-,,57288
RXN0-1382,2.8.3.16,ACETYL-COA,-,,57288
MALIC-NADP-RXN,1.1.1.40,ACETYL-P,+,,22191
THI-P-SYN-RXN,2.5.1.3,ACETYL-P,-,,22191
DAPASYN-RXN,2.6.1.62,ADENINE,-,,16708
RXN-12458,2.1.1.228,ADENOSINE,-,34.7,16335
RXN-16165,6.1.1.10,ADENOSINE,-,,16335
NAD-SYNTH-NH3-RXN,6.3.1.5,ADENOSINE,-,,16335
DEOXYGUANPHOSPHOR-RXN,2.4.2.1,ADENOSINE,-,,16335
DAPASYN-RXN,2.6.1.62,ADENOSINE,-,,16335
ACETALD-DEHYDROG-RXN,1.2.1.10,ADENOSINE_DIPHOSPHATE_RIBOSE,-,,57967
METHYLTHIOADENOSINE-NUCLEOSIDASE-RXN,3.2.2.16,ADENOSYL-HOMO-CYS,-,,57856
2.8.1.6-RXN,2.8.1.6,ADENOSYL-HOMO-CYS,-,,57856
RXN0-1342,2.4.99.17,ADENOSYL-HOMO-CYS,-,,57856
2.1.1.72-RXN,2.1.1.72,ADENOSYL-HOMO-CYS,-,7,57856
RXN-12458,2.1.1.228,ADENOSYL-HOMO-CYS,-,6,57856
DNA-CYTOSINE-5--METHYLTRANSFERASE-RXN,2.1.1.37,ADENOSYL-HOMO-CYS,-,,57856
2.1.1.79-RXN,2.1.1.79,ADENOSYL-HOMO-CYS,-,,57856
RXN0-2441,2.1.1.144,ADENOSYL-HOMO-CYS,-,,57856
CHER-RXN,2.1.1.80,ADENOSYL-HOMO-CYS,-,,57856
GLUTDECARBOX-RXN,4.1.1.15,ADIPATE,-,,17128
GLUTDECARBOX-RXN,4.1.1.15,ADIPATE,-,,17128
PEPSYNTH-RXN,2.7.9.2,ADP,-,,456216
PRPPAMIDOTRANS-RXN,2.4.2.14,ADP,-,,456216
RXN0-3741,3.1.3.89,ADP,-,,456216
GLYCEROL-KIN-RXN,2.7.1.30,ADP,-,,456216
SUCCCOASYN-RXN,6.2.1.5,ADP,+,,456216
MALATE-DEHYDROGENASE-ACCEPTOR-RXN,1.1.5.4,ADP,-,,456216
3.4.21.53-RXN,3.4.21.53,ADP,-,,456216
ADENYLATECYC-RXN,4.6.1.1,ADP,-,,456216
F16BDEPHOS-RXN,3.1.3.11,ADP,-,,456216
5.1.3.20-RXN,5.1.3.20,ADP,-,,456216
GLYCOGENSYN-RXN,2.4.1.21,ADP,-,,456216
THI-P-KIN-RXN,2.7.4.16,ADP,-,,456216
AIRS-RXN,6.3.3.1,ADP,-,,456216
AIRS-RXN,6.3.3.1,ADP,-,,456216
GLYCEROL-KIN-RXN,2.7.1.30,ADP,-,,456216
1PFRUCTPHOSN-RXN,2.7.1.56,ADP,-,,456216
POLYPHOSPHATE-KINASE-RXN,2.7.4.1,ADP,-,,456216
RXN0-4621,2.7.1.170,ADP,-,,456216
6PFRUCTPHOS-RXN,2.7.1.11,ADP,+,,456216
N-ACETYLGLUCOSAMINE-KINASE-RXN,2.7.1.59,ADP,-,,456216
DEPHOSICITDEHASE-RXN,3.1.3,ADP,+,,456216
PHOSICITDEHASE-RXN,2.7.11.5,ADP,-,,456216
RXN0-6274,2.5.1.75,ADP,-,,456216
NAD-SYNTH-NH3-RXN,6.3.1.5,ADP,-,,456216
GLUTKIN-RXN,2.7.2.11,ADP,-,60,456216
PHOSACETYLTRANS-RXN,2.3.1.8,ADP,-,,456216
DETHIOBIOTIN-SYN-RXN,6.3.3.3,ADP,-,,456216
NUCLEOSIDE-DIP-KIN-RXN,2.7.4.6,ADP,-,,456216
GTP-CYCLOHYDRO-I-RXN,3.5.4.16,ADP,-,10,456216
GLUTAMIN-RXN,3.5.1.38,ADP,-,,456216
GUANOSINEKIN-RXN,2.7.1.73,ADP,-,,456216
THI-P-SYN-RXN,2.5.1.3,ADP,-,,456216
MANNOSE-ISOMERASE-RXN,5.3.1.7,ADP,-,,456216
5.1.3.20-RXN,5.1.3.20,ADP-D-GLUCOSE,-,,57498
GLYCOPHOSPHORYL-RXN,2.4.1.1,ADP-D-GLUCOSE,-,,57498
UDPSUGARHYDRO-RXN,3.6.1.45,ADP-D-GLUCOSE,-,,57498
FUMHYDR-RXN,4.2.1.2,AG+,-,,49468
GLUTAMIN-RXN,3.5.1.38,AG+,-,,49468
PHOSPHOGLUCMUT-RXN,5.4.2.2,ALPHA-GLUCOSE-16-BISPHOSPHATE,-,,58392
PHOSPHOGLUCMUT-RXN,5.4.2.2,ALPHA-GLUCOSE-16-BISPHOSPHATE,+,,58392
AKBLIG-RXN,2.3.1.29,AMINOMALONATE,-,,58158
ASNSYNA-RXN,6.3.1.1,AMMONIA,-,,16134
UDPMANNACADEHYDROG-RXN,1.1.1.336,AMMONIUM,+,,28938
F16ALDOLASE-RXN,4.1.2.13,AMMONIUM,+,,28938
RXN0-5144,2.1.1.61,AMMONIUM,+,,28938
DTMPKI-RXN,2.7.4.12,AMMONIUM,-,,28938
GLYCDEH-RXN,1.1.1.6,AMMONIUM,+,,28938
THI-P-KIN-RXN,2.7.4.16,AMMONIUM,+,,28938
CARBPSYN-RXN,6.3.5.5,AMMONIUM,+,,28938
IMP-DEHYDROG-RXN,1.1.1.205,AMMONIUM,+,,28938
MALIC-NADP-RXN,1.1.1.40,AMMONIUM,+,,28938
THIKIN-RXN,2.7.1.89,AMMONIUM,+,,28938
ASPARTATE-SEMIALDEHYDE-DEHYDROGENASE-RXN,1.2.1.11,AMMONIUM,-,,28938
3.1.13.5-RXN,3.1.13.5,AMMONIUM,+,,28938
GUANYL-KIN-RXN,2.7.4.8,AMMONIUM,+,,28938
UDPNACETYLMURAMATEDEHYDROG-RXN,1.3.1.98,AMMONIUM,+,,28938
ACETATE--COA-LIGASE-RXN,6.2.1.1,AMP,-,,456215
PRPPSYN-RXN,2.7.6.1,AMP,-,,456215
MALATE-DEHYDROGENASE-ACCEPTOR-RXN,1.1.5.4,AMP,-,,456215
ARGININE--TRNA-LIGASE-RXN,6.1.1.19,AMP,-,1600,456215
NADPH-DEHYDROGENASE-FLAVIN-RXN,1.5.1.30,AMP,-,,456215
PYRIDOXKIN-RXN,2.7.1.35,AMP,-,1300,456215
ASNSYNA-RXN,6.3.1.1,AMP,-,,456215
2.7.9.3-RXN,2.7.9.3,AMP,-,170,456215
RIB5PISOM-RXN,5.3.1.6,AMP,-,,456215
THI-P-KIN-RXN,2.7.4.16,AMP,-,,456215
RXN0-5515,2.7.7.41,AMP,+,,456215
PRPPAMIDOTRANS-RXN,2.4.2.14,AMP,-,,456215
ADENPRIBOSYLTRAN-RXN,2.4.2.7,AMP,-,,456215
FMNREDUCT-RXN,1.5.1.39,AMP,-,,456215
FMNREDUCT-RXN,1.5.1.39,AMP,-,,456215
DEPHOSICITDEHASE-RXN,3.1.3,AMP,+,,456215
PHOSICITDEHASE-RXN,2.7.11.5,AMP,-,,456215
NAD-SYNTH-NH3-RXN,6.3.1.5,AMP,-,,456215
ACETALD-DEHYDROG-RXN,1.2.1.10,AMP,-,,456215
ACETALD-DEHYDROG-RXN,1.2.1.10,AMP,-,,456215
GUANYL-KIN-RXN,2.7.4.8,AMP,-,,456215
PEPSYNTH-RXN,2.7.9.2,AMP,-,,456215
GLYCOPHOSPHORYL-RXN,2.4.1.1,AMP,+,,456215
PEPDEPHOS-RXN,2.7.1.40,AMP,+,,456215
GLUTAMIN-RXN,3.5.1.38,AMP,+,,456215
F16BDEPHOS-RXN,3.1.3.11,AMP,-,,456215
GLUTAMINESYN-RXN,6.3.1.2,AMP,-,,456215
GLUC1PADENYLTRANS-RXN,2.7.7.27,AMP,-,,456215
ATPPHOSPHORIBOSYLTRANS-RXN,2.4.2.17,AMP,-,,456215
IGPSYN-RXN,4.1.1.48,ANTHRANILATE,-,,16567
ADENYLYLSULFKIN-RXN,2.7.1.25,APS,-,,58243
RIB5PISOM-RXN,5.3.1.6,ARABINOSE-5P,-,,57693
RXN0-313,4.1.2,ARABINOSE-5P,-,,57693
TRANSALDOL-RXN,2.2.1.2,ARABINOSE-5P,-,,57693
1TRANSKETO-RXN,2.2.1.1,ARABINOSE-5P,-,,57693
N-ACETYLTRANSFER-RXN,2.3.1.1,ARG,-,,32682
AGMATIN-RXN,3.5.3.11,ARG,-,,32682
ABC-27-RXN,3.6.3.27,ARSENATE,-,23,48597
ALKAPHOSPHA-RXN,3.1.3.1,ARSENATE,-,,48597
METHGLYSYN-RXN,4.2.3.3,ARSENATE,-,,48597
ALKAPHOSPHA-RXN,3.1.3.1,ARSENATE,-,,48597
GSDEADENYLATION-RXN,2.7.7.89,ARSENATE,+,,48597
GAPOXNPHOSPHN-RXN,1.2.1.12,ARSENATE,+,,48597
RXN0-299,1.14.11.17,ASCORBATE,+,,38290
ASPARAGHYD-RXN,3.5.1.38,ASN,+,,58048
ASNSYNA-RXN,6.3.1.1,ASN,-,,58048
RXN0-6277,1,ATABRINE,-,,8711
RXN0-5462,3.6.5.1,ATP,-,,30616
DEPHOSICITDEHASE-RXN,3.1.3,ATP,+,,30616
GUANOSINEKIN-RXN,2.7.1.73,ATP,+,,30616
INOSINEKIN-RXN,2.7.1.73,ATP,+,,30616
RXN-14126,3.1.3.6,ATP,-,,30616
RXN0-3741,3.1.3.89,ATP,-,,30616
MALATE-DEHYDROGENASE-ACCEPTOR-RXN,1.1.5.4,ATP,-,,30616
TRNA-S-TRANSFERASE-RXN,2.8.1.4,ATP,+,,30616
F16BDEPHOS-RXN,3.1.3.11,ATP,-,,30616
RXN0-7192,6.3.4.15,ATP,+,,30616
RXN0-5073,3.6.1,ATP,-,,30616
ADENYLATECYC-RXN,4.6.1.1,ATP,-,,30616
CITSYN-RXN,2.3.3.16,ATP,-,,30616
DTMPKI-RXN,2.7.4.12,ATP,-,,30616
RXN0-2941,3.1.21,ATP,-,,30616
6PFRUCTPHOS-RXN,2.7.1.11,ATP,-,,30616
GLYCEROL-KIN-RXN,2.7.1.30,ATP,+,,30616
DLACTDEHYDROGNAD-RXN,1.1.1.28,ATP,-,,30616
PEPCARBOXYKIN-RXN,4.1.1.49,ATP,-,,30616
PPGPPSYN-RXN,3.1.7.2,ATP,+,,30616
THYKI-RXN,2.7.1.145,ATP,+,,30616
RXN-9952,1.1.1.44,ATP,-,,30616
LYXK-RXN,2.7.1.53,ATP,-,,30616
1.1.1.39-RXN,1.1.1.38,ATP,-,,30616
RIBONUCLEOSIDE-DIP-REDUCTI-RXN,1.17.4.1,ATP,+,,30616
ASPCARBTRANS-RXN,2.1.3.2,ATP,+,,30616
METHYLENETHFDEHYDROG-NADP-RXN,1.5.1.5,ATP,-,,30616
RXN0-6274,2.5.1.75,ATP,-,,30616
PEPDEPHOS-RXN,2.7.1.40,ATP,-,,30616
PHOSACETYLTRANS-RXN,2.3.1.8,ATP,-,,30616
BIOTINLIG-RXN,6.3.4.15,ATP,+,,30616
GMP-REDUCT-RXN,1.7.1.7,ATP,-,,30616
GTP-CYCLOHYDRO-I-RXN,3.5.4.16,ATP,-,0.25,30616
GLUTAMIN-RXN,3.5.1.38,ATP,-,,30616
HOMOSERDEHYDROG-RXN,1.1.1.3,ATP,+,,30616
THI-P-SYN-RXN,2.5.1.3,ATP,-,,30616
MANNONOXIDOREDUCT-RXN,1.1.1.57,ATP,-,,30616
MANNOSE-ISOMERASE-RXN,5.3.1.7,ATP,-,,30616
GLYRIBONUCSYN-RXN,6.3.4.13,B-ALANINE,-,,57966
DIHYDROFOLATEREDUCT-RXN,1.5.1.3,BA+2,-,,37136
HYPOXANPRIBOSYLTRAN-RXN,2.4.2.8,BA+2,-,,37136
ADENPRIBOSYLTRAN-RXN,2.4.2.7,BA+2,-,,37136
BADH-RXN,1.2.1.8,BENZALDEHYDE,-,,17169
ACETALD-DEHYDROG-RXN,1.2.1.10,BENZALDEHYDE,-,,17169
RXN0-301,1.5.3.2,BENZOATE,-,,16150
PHENYLALANINE--TRNA-LIGASE-RXN,6.1.1.20,BENZYL-ALCOHOL,-,,17987
3-DEHYDROQUINATE-DEHYDRATASE-RXN,4.2.1.10,BH4NA,-,,50985
OHMETHYLBILANESYN-RXN,2.5.1.61,BH4NA,-,,50985
ASPDECARBOX-RXN,4.1.1.11,BH4NA,-,,50985
BIOTIN-CARBOXYL-RXN,6.3.4.14,BIOTIN,-,,57586
KDOTRANS2-RXN,2.4.99.13,BISOHMYR-GLC,-,,58466
KDOTRANS-RXN,2.4.99.12,BISOHMYR-GLC,-,,58466
2.1.1.79-RXN,2.1.1.79,BORATE,-,,33118
ASPARTATE-SEMIALDEHYDE-DEHYDROGENASE-RXN,1.2.1.11,BORATE,-,,33118
GLUTAMIN-RXN,3.5.1.38,BORATE,-,,33118
GLUTAMIN-RXN,3.5.1.38,BORATE,+,,33118
2.9.1.1-RXN,2.9.1.1,BOROHYDRIDE,-,,30157
F16ALDOLASE-RXN,4.1.2.13,BOROHYDRIDE,-,,30157
SAMDECARB-RXN,4.1.1.50,BOROHYDRIDE,-,,30157
PHOSPHASERDECARB-RXN,4.1.1.65,BOROHYDRIDE,-,,30157
R524-RXN,4.2.1.104,BR-,-,,15858
KDGALDOL-RXN,4.1.2.20,BR-,-,,15858
GLUTCYSLIG-RXN,6.3.2.2,BUTHIONINE-SULFOXIMINE,-,,28714
RXN0-5359,2.7.7.65,C-DI-GMP,-,44,58805
CELLULOSE-SYNTHASE-UDP-FORMING-RXN,2.4.1.12,C-DI-GMP,+,,58805
SAMDECARB-RXN,4.1.1.50,CA+2,+,,29108
RXN0-6527,3.1.27.6,CA+2,-,,29108
PEPCARBOXYKIN-RXN,4.1.1.49,CA+2,+,,29108
TRIPHOSPHATASE-RXN,3.6.1.25,CA+2,-,,29108
RXN-9514,2.3.1.86,CA+2,-,,29108
UDPHYDROXYMYRGLUCOSAMNACETYLTRANS-RXN,2.3.1.191,CA+2,-,,29108
RXN0-5120,2.4.1,CA+2,-,,29108
DIHYDROFOLATEREDUCT-RXN,1.5.1.3,CA+2,-,,29108
3.4.15.5-RXN,3.4.15.5,CA+2,+,,29108
ADENYLATECYC-RXN,4.6.1.1,CA+2,-,,29108
RXN0-4181,3.1.4.52,CA+2,-,,29108
GLYCDEH-RXN,1.1.1.6,CA+2,-,,29108
INORGPYROPHOSPHAT-RXN,3.6.1.1,CA+2,-,,29108
PHOSPHAGLYPSYN-RXN,2.7.8.5,CA+2,-,,29108
HYPOXANPRIBOSYLTRAN-RXN,2.4.2.8,CA+2,-,,29108
ADENPRIBOSYLTRAN-RXN,2.4.2.7,CA+2,-,,29108
3.1.27.6-RXN,3.1.27.6,CA+2,-,,29108
ACID-PHOSPHATASE-RXN,3.1.3.2,CA+2,-,,29108
GDPMANDEHYDRA-RXN,4.2.1.47,CA+2,+,,29108
MANNONOXIDOREDUCT-RXN,1.1.1.57,CA+2,+,,29108
PEPDEPHOS-RXN,2.7.1.40,CA+2,-,,29108
PEPDEPHOS-RXN,2.7.1.40,CA+2,+,,29108
KDO-8PPHOSPHAT-RXN,3.1.3.45,CA+2,-,,29108
ISOCIT-CLEAV-RXN,4.1.3.1,CA+2,-,,29108
METHYLISOCITRATE-LYASE-RXN,4.1.3.30,CA+2,-,,29108
PRPPSYN-RXN,2.7.6.1,CA+2,-,50,29108
DIACYLGLYKIN-RXN,2.7.1.107,CA+2,-,,29108
GLUTAMIN-RXN,3.5.1.38,CA+2,+,,29108
D-PPENTOMUT-RXN,5.4.2.7,CA+2,-,,29108
325-BISPHOSPHATE-NUCLEOTIDASE-RXN,3.1.3.7,CA+2,-,,29108
DIHYDROFOLATEREDUCT-RXN,1.5.1.3,CADAVERINE,-,,58384
RXN-9514,2.3.1.86,CAFFEOYLQUINATE,-,,57644
MALIC-NADP-RXN,1.1.1.40,CAMP,-,,58165
ARGININE--TRNA-LIGASE-RXN,6.1.1.19,CANAVANINE,-,300,78902
NADH-DEHYDROG-A-RXN,1.6.5.3,CAPSAICIN,-,,3374
GLUTAMINESYN-RXN,6.3.1.2,CARBAMOYL-P,-,,58228
RXN0-5256,1.12.99.6,CARBON-MONOXIDE,-,,17245
R621-RXN,1.14.12.17,CARBON-MONOXIDE,-,,17245
ACETYLORNDEACET-RXN,3.5.1.16,CD+2,-,,48775
THREODEHYD-RXN,1.1.1.103,CD+2,+,,48775
FUMHYDR-RXN,4.2.1.2,CD+2,-,,48775
AKBLIG-RXN,2.3.1.29,CD+2,-,,48775
ALPHAGALACTOSID-RXN,3.2.1.22,CD+2,-,,48775
N-ACETYLTRANSFER-RXN,2.3.1.1,CD+2,-,,48775
DARAB5PISOM-RXN,5.3.1.13,CD+2,-,,48775
GLUTDECARBOX-RXN,4.1.1.15,CD+2,-,,48775
KDO-8PPHOSPHAT-RXN,3.1.3.45,CD+2,-,,48775
RXN0-5268,1.10.3.10,CD+2,-,,48775
KDO-8PSYNTH-RXN,2.5.1.55,CD+2,-,,48775
GLUTDECARBOX-RXN,4.1.1.15,CD+2,-,,48775
D-PPENTOMUT-RXN,5.4.2.7,CD+2,-,,48775
FUCISOM-RXN,5.3.1.25,CD+2,-,,48775
DARABISOM-RXN,5.3.1.3,CD+2,-,,48775
PEPCARBOX-RXN,4.1.1.31,CDP,+,,58069
UDPSUGARHYDRO-RXN,3.6.1.45,CDP-D-GLUCOSE,-,,28942
RXN-16649,3.4.16.4,CEPHALOSPORIN-C,-,,57511
2.8.1.6-RXN,2.8.1.6,CH33ADO,-,,17319
VALINE-PYRUVATE-AMINOTRANSFER-RXN,2.6.1.66,CHLORALAN-CPD,-,,58132
UDP-NACMUR-ALA-LIG-RXN,6.3.2.8,CHLORALAN-CPD,-,,58132
BADH-RXN,1.2.1.8,CHOLINE,-,,15354
CROBETREDUCT-RXN,1.3.99,CHOLINE,-,,15354
PREPHENATEDEHYDRAT-RXN,4.2.1.51,CHORISMATE,-,,29748
PREPHENATEDEHYDRAT-RXN,4.2.1.51,CIS-ACONITATE,-,,16383
ISOCIT-CLEAV-RXN,4.1.3.1,CIS-ACONITATE,-,,16383
FUMHYDR-RXN,4.2.1.2,CIT,-,,16947
F16BDEPHOS-RXN,3.1.3.11,CIT,+,,16947
F16ALDOLASE-RXN,4.1.2.13,CIT,+,,16947
GSADENYLATION-RXN,2.7.7.42,CIT,-,,16947
ASPARTASE-RXN,4.3.1.1,CIT,-,,16947
PHOSICITDEHASE-RXN,2.7.11.5,CIT,-,,16947
CHORISMATEMUT-RXN,5.4.99.5,CIT,-,,16947
RXN-13990,4.1.3.42,CIT,-,,16947
GALACTARDEHYDRA-RXN,4.2.1.42,CIT,-,,16947
GLYOHMETRANS-RXN,2.1.2.1,CL-,-,10000,17996
3-DEHYDROQUINATE-DEHYDRATASE-RXN,4.2.1.10,CL-,-,,17996
RXN0-3281,1.1.99.33,CL-,-,,17996
R524-RXN,4.2.1.104,CL-,-,,17996
KDO-8PPHOSPHAT-RXN,3.1.3.45,CL-,-,,17996
ISOCIT-CLEAV-RXN,4.1.3.1,CL-,-,,17996
KDGALDOL-RXN,4.1.2.20,CL-,-,,17996
CPM-KDOSYNTH-RXN,2.7.7.38,CMP,-,,60377
PEPCARBOX-RXN,4.1.1.31,CMP,+,,60377
GUANOSINEKIN-RXN,2.7.1.73,CMP,+,,60377
SAMDECARB-RXN,4.1.1.50,CO+2,+,,48828
5-NUCLEOTID-RXN,3.1.3.5,CO+2,+,,48828
UDPSUGARHYDRO-RXN,3.6.1.45,CO+2,+,,48828
RXN0-5462,3.6.5.1,CO+2,-,,48828
RXN0-5120,2.4.1,CO+2,-,,48828
3.4.15.5-RXN,3.4.15.5,CO+2,+,,48828
AMINOPROPDEHYDROG-RXN,1.1.1.75,CO+2,-,,48828
CYCPHOSDIESTER-RXN,3.1.4.16,CO+2,+,,48828
RXN0-299,1.14.11.17,CO+2,-,,48828
3.4.13.18-RXN,3.4.13.18,CO+2,+,,48828
GLUCARDEHYDRA-RXN,4.2.1.40,CO+2,-,,48828
POLYPHOSPHATE-KINASE-RXN,2.7.4.1,CO+2,+,,48828
TETHYDPICSUCC-RXN,2.3.1.117,CO+2,-,,48828
ARGSUCCINLYA-RXN,4.3.2.1,CO+2,+,,48828
ACETYLORNDEACET-RXN,3.5.1.16,CO+2,+,,48828
RXN0-5256,1.12.99.6,CO+2,-,,48828
1.1.1.283-RXN,1.1.1.283,CO+2,-,,48828
KDO-8PPHOSPHAT-RXN,3.1.3.45,CO+2,+,,48828
RXN0-5268,1.10.3.10,CO+2,-,,48828
SULFITE-REDUCT-RXN,1.8.1.2,CO+2,-,,48828
3-NUCLEOTID-RXN,3.1.3.6,CO+2,+,,48828
MANNOSE-ISOMERASE-RXN,5.3.1.7,CO+2,-,,48828
OXALYL-COA-DECARBOXYLASE-RXN,4.1.1.8,CO-A,-,,57287
AKBLIG-RXN,2.3.1.29,CO-A,-,,57287
GSADENYLATION-RXN,2.7.7.42,CO-A,-,,57287
MALONYL-COA-ACP-TRANSACYL-RXN,2.3.1.86,CO-A,-,,57287
RXN-1381,2.3.1.15,CO-A,-,,57287
PHOSPHOGLUCMUT-RXN,5.4.2.2,CO-A,-,,57287
RXN-9952,1.1.1.44,CO-A,-,,57287
1.1.1.39-RXN,1.1.1.38,CO-A,-,,57287
ACP-S-ACETYLTRANSFER-RXN,2.3.1.86,CO-A,-,,57287
3-CH3-2-OXOBUTANOATE-OH-CH3-XFER-RXN,2.1.2.11,CO-A,-,,57287
PANTOTHENATE-KIN-RXN,2.7.1.33,CO-A,-,,57287
MALTACETYLTRAN-RXN,2.3.1.79,CO-A,-,,57287
GALACTOACETYLTRAN-RXN,2.3.1.18,CO-A,-,,57287
ACETOACETYL-COA-TRANSFER-RXN,2.8.3,CO-A,-,,57287
ACYL-COA-HYDROLASE-RXN,3.1.2.20,CO-A,-,,57287
RXN0-1382,2.8.3.16,CO-A,-,,57287
PANTEPADENYLYLTRAN-RXN,2.7.7.3,CO-A,-,,57287
ADENODEAMIN-RXN,3.5.4.4,COFORMYCIN,-,,57682
PEPTIDYLPROLYL-ISOMERASE-RXN,5.2.1.8,CPD-10016,-,,61049
NAD-SYNTH-NH3-RXN,6.3.1.5,CPD-10129,-,,29014
ATPSYN-RXN,3.6.3.14,CPD-10322,-,,53090
TRANS-RXN0-277,1.6.1.5,CPD-10322,-,,53090
ARYLAMINE-N-ACETYLTRANSFERASE-RXN,2.3.1.5,CPD-110,-,,30762
ALTRODEHYDRAT-RXN,4.2.1.7,CPD-1114,-,,16157
DNA-DIRECTED-DNA-POLYMERASE-RXN,2.7.7.7,CPD-11426,-,,428431
ATPSYN-RXN,3.6.3.14,CPD-11925,-,,80713
CHORISMATEMUT-RXN,5.4.99.5,CPD-12153,-,,53063
RXN0-2381,4.1.2.8,CPD-12164,-,,231937
RXN-16650,2.4.1.129,CPD-12245,-,,28001
RXN-16659,3.4.16.4,CPD-12245,-,,28001
RXN-16650,2.4.1.129,CPD-12245,-,,28001
RXN-16650,2.4.1.129,CPD-12251,-,,599869
RXN-16659,3.4.16.4,CPD-12294,-,,29007
RXN-16659,3.4.16.4,CPD-12294,-,,29007
UDPGLUCEPIM-RXN,5.1.3.2,CPD-13245,-,,156539
CATAL-RXN,1.11.1.6,CPD-13584,-,,17514
SUPEROX-DISMUT-RXN,1.15.1.1,CPD-13584,-,,17514
2.9.1.1-RXN,2.9.1.1,CPD-13584,-,,17514
PYRUVFORMLY-RXN,2.3.1.54,CPD-13859,-,,25218
AMINEPHEN-RXN,1.4.3.21,CPD-13895,-,,8060
AMINEPHEN-RXN,1.4.3.21,CPD-13898,-,,7930
SAMDECARB-RXN,4.1.1.50,CPD-1484,+,,49470
PHOSPHOGLUCMUT-RXN,5.4.2.2,CPD-1484,-,,49470
ALPHAGALACTOSID-RXN,3.2.1.22,CPD-1490,-,,30475
PHOSPHOGLUCMUT-RXN,5.4.2.2,CPD-1492,-,,30502
THREODEHYD-RXN,1.1.1.103,CPD-1492,-,,30502
RXN-9514,2.3.1.86,CPD-15291,-,,4806
RXN-9659,1.3.1.9,CPD-15291,-,,4806
3-OXOACYL-ACP-SYNTH-RXN,2.3.1.86,CPD-15302,-,,68236
GLUTDECARBOX-RXN,4.1.1.15,CPD-183,-,,16918
GLUTDECARBOX-RXN,4.1.1.15,CPD-183,-,,16918
GLUTDECARBOX-RXN,4.1.1.15,CPD-1831,-,,15357
GLUTDECARBOX-RXN,4.1.1.15,CPD-1831,-,,15357
DIHYDROFOLATEREDUCT-RXN,1.5.1.3,CPD-2,-,,49547
IMP-DEHYDROG-RXN,1.1.1.205,CPD-2,+,,49547
GLUTDECARBOX-RXN,4.1.1.15,CPD-205,-,,36165
GLUTDECARBOX-RXN,4.1.1.15,CPD-205,-,,36165
PREPHENATEDEHYDRAT-RXN,4.2.1.51,CPD-225,-,,15708
RXN0-6373,1.1.5.2,CPD-227,-,,28543
BETAGALACTOSID-RXN,3.2.1.108,CPD-239,-,,58029
ALARACECAT-RXN,5.1.1.1,CPD-2482,-,,75929
ALARACECAT-RXN,5.1.1.1,CPD-2482,-,,75929
DALADALALIG-RXN,6.3.2.4,CPD-2482,-,8.9,75929
DALADALALIG-RXN,6.3.2.4,CPD-2482,-,27,75929
ASPDECARBOX-RXN,4.1.1.11,CPD-2482,-,,75929
ALARACECAT-RXN,5.1.1.1,CPD-2483,-,,103236
PYRUVFORMLY-RXN,2.3.1.54,CPD-27,-,,29198
L-GLN-FRUCT-6-P-AMINOTRANS-RXN,2.6.1.16,CPD-280,-,,16120
RXN0-3501,1.7.5.1,CPD-2841,-,,29449
FORMATEDEHYDROG-RXN,1.1.5.6,CPD-2841,-,,29449
RXN0-3501,1.7.5.1,CPD-2841,-,,29449
RXN0-5266,1.10.3.14,CPD-2841,-,,29449
SUPEROX-DISMUT-RXN,1.15.1.1,CPD-2841,-,,29449
RXN0-5256,1.12.99.6,CPD-2841,-,,29449
RXN0-3281,1.1.99.33,CPD-2841,-,,29449
R524-RXN,4.2.1.104,CPD-2841,-,,29449
SUPEROX-DISMUT-RXN,1.15.1.1,CPD-2841,-,,29449
RXN0-5268,1.10.3.10,CPD-2841,-,,29449
RXN-15313,4.1.3.3,CPD-29,-,,28420
ACETATEKIN-RXN,2.7.2.1,CPD-29,-,,28420
ALADEHYDCHLORO-RXN,4.5.1.2,CPD-29,-,,28420
RXN0-3501,1.7.5.1,CPD-29,-,,28420
THI-P-KIN-RXN,2.7.4.16,CPD-29,-,,28420
GLYCOLATEDEHYDRO-RXN,1.1.99.14,CPD-29,-,,28420
MALONYL-COA-ACP-TRANSACYL-RXN,2.3.1.86,CPD-29,-,,28420
DARAB5PISOM-RXN,5.3.1.13,CPD-29,-,,28420
DIENOYLCOAREDUCT-RXN,1.3.1.34,CPD-29,-,,28420
PHOSPHOGLUCMUT-RXN,5.4.2.2,CPD-29,-,,28420
ADENODEAMIN-RXN,3.5.4.4,CPD-29,-,,28420
RXN-9952,1.1.1.44,CPD-29,-,,28420
ALTRO-OXIDOREDUCT-RXN,1.1.1.58,CPD-29,-,,28420
ACNEULY-RXN,4.1.3.3,CPD-29,-,,28420
BADH-RXN,1.2.1.8,CPD-29,-,,28420
GALACTUROISOM-RXN,5.3.1.12,CPD-29,-,,28420
GLUCUROISOM-RXN,5.3.1.12,CPD-29,-,,28420
GLUTSEMIALDEHYDROG-RXN,1.2.1.41,CPD-29,-,,28420
RXN-13854,1.7.1.15,CPD-29,-,,28420
1.1.1.283-RXN,1.1.1.283,CPD-29,-,,28420
GLUTATHIONE-SYN-RXN,6.3.2.3,CPD-29,-,,28420
GMP-SYN-GLUT-RXN,6.3.5.2,CPD-29,-,,28420
GLYCOPHOSPHORYL-RXN,2.4.1.1,CPD-29,-,,28420
RHAMNISOM-RXN,5.3.1.14,CPD-29,-,,28420
RXN0-5146,3.2.1.196,CPD-29,-,,28420
ACETOACETYL-COA-TRANSFER-RXN,2.8.3,CPD-29,-,,28420
PYRROLINECARBREDUCT-RXN,1.5.1.2,CPD-29,-,,28420
DIHYDROXYISOVALDEHYDRAT-RXN,4.2.1.9,CPD-29,-,,28420
DIHYDROXYMETVALDEHYDRAT-RXN,4.2.1.9,CPD-29,-,,28420
MANNONOXIDOREDUCT-RXN,1.1.1.57,CPD-29,-,,28420
MANNONDEHYDRAT-RXN,4.2.1.8,CPD-29,-,,28420
RXN-16649,3.4.16.4,CPD-29,-,,28420
BETA-LACTAMASE-RXN,3.5.2.6,CPD-29,-,,28420
DIHYDRODIPICSYN-RXN,4.3.3.7,CPD-291,-,,72701
PGLUCISOM-RXN,5.3.1.9,CPD-2961,-,,58759
KDPGALDOL-RXN,4.1.2.55,CPD-2961,-,,58759
ALKAPHOSPHA-RXN,3.1.3.1,CPD-3,-,,36264
ALKAPHOSPHA-RXN,3.1.3.1,CPD-3,-,,36264
ASPARTASE-RXN,4.3.1.1,CPD-302,+,,29990
GLUTAMATESYN-RXN,1.4.1.13,CPD-302,-,,29990
ETHAMLY-RXN,4.3.1.7,CPD-315,-,,17439
4OHBENZOATE-OCTAPRENYLTRANSFER-RXN,2.5.1.39,CPD-3563,-,,53426
PGLYCEROLTRANSII-RXN,2.7.8.21,CPD-3605,-,,71422
3-CH3-2-OXOBUTANOATE-OH-CH3-XFER-RXN,2.1.2.11,CPD-3642,-,,74338
ASPARTASE-RXN,4.3.1.1,CPD-3722,-,,58680
ORNDECARBOX-RXN,4.1.1.17,CPD-3728,-,,62338
KDGALDOL-RXN,4.1.2.20,CPD-377,-,,16808
CHORISMATEMUT-RXN,5.4.99.5,CPD-381,-,,16782
GLYCOPHOSPHORYL-RXN,2.4.1.1,CPD-387,-,,16382
ACETALD-DEHYDROG-RXN,1.2.1.10,CPD-400,-,,28591
ALKAPHOSPHA-RXN,3.1.3.1,CPD-4422,-,,33143
ALKAPHOSPHA-RXN,3.1.3.1,CPD-4422,-,,33143
R621-RXN,1.14.12.17,CPD-4501,-,,82892
PYRUVDEH-RXN,1.2.1,CPD-4544,-,,30477
ALKAPHOSPHA-RXN,3.1.3.1,CPD-4584,-,,46442
ALKAPHOSPHA-RXN,3.1.3.1,CPD-4584,-,,46442
RXN-15513,5.4.2.11,CPD-4584,-,,46442
3.6.3.39-RXN,3.6.3.39,CPD-4584,-,,46442
DIHYDRODIPICSYN-RXN,4.3.3.7,CPD-4841,-,11000,36167
UDPACYLGLCNACDEACETYL-RXN,3.5.1.108,CPD-4841,-,,36167
ACP-S-ACETYLTRANSFER-RXN,2.3.1.86,CPD-511,-,,16753
ATPSYN-RXN,3.6.3.14,CPD-520,-,,57694
RXN0-984,1.14.11.33,CPD-520,-,,57694
F16BDEPHOS-RXN,3.1.3.11,CPD-535,-,,58579
RXN-15740,1.1.5.3,CPD-5401,-,,33207
GLUCARDEHYDRA-RXN,4.2.1.40,CPD-5401,-,,33207
GDPMANDEHYDRA-RXN,4.2.1.47,CPD-5401,-,,33207
SULFITE-REDUCT-RXN,1.8.1.2,CPD-5401,-,,33207
ISOCIT-CLEAV-RXN,4.1.3.1,CPD-546,-,,17453
RXN-11496,1.2.5.1,CPD-551,-,,58383
3.4.21.102-RXN,3.4.21.102,CPD-5541,-,,8102
1PFRUCTPHOSN-RXN,2.7.1.56,CPD-5541,-,,8102
XANPRIBOSYLTRAN-RXN,2.4.2.22,CPD-5721,-,,9555
GUANPRIBOSYLTRAN-RXN,2.4.2.8,CPD-5721,-,,9555
RXN0-7008,1.5.5.2,CPD-5742,-,,2673
RXN0-5268,1.10.3.10,CPD-581,-,,17741
RXN0-6373,1.1.5.2,CPD-6001,-,,47005
NADPH-DEHYDROGENASE-FLAVIN-RXN,1.5.1.30,CPD-605,-,,17781
FMNREDUCT-RXN,1.5.1.39,CPD-605,-,,17781
FMNREDUCT-RXN,1.5.1.39,CPD-605,-,,17781
GLUTAMIN-RXN,3.5.1.38,CPD-607,-,,18334
ISOCITDEH-RXN,1.1.1.42,CPD-628,-,,15593
3.4.21.102-RXN,3.4.21.102,CPD-6301,-,,9642
ASPARTASE-RXN,4.3.1.1,CPD-660,-,,15588
RXN0-703,1.1.1.130,CPD-660,-,,15588
DEOXYRIBOSE-P-ALD-RXN,4.1.2.4,CPD-665,-,,17153
RXN0-5260,1.1.5.3,CPD-67,-,,58033
TRIOSEPISOMERIZATION-RXN,5.3.1.1,CPD-67,-,6000,58033
METHGLYSYN-RXN,4.2.3.3,CPD-67,-,,58033
RXN0-5224,4.2.1.1,CPD-69,-,,29195
CARBPSYN-RXN,6.3.5.5,CPD-69,-,,29195
R524-RXN,4.2.1.104,CPD-69,-,,29195
BADH-RXN,1.2.1.8,CPD-7031,-,,16638
RXN0-3501,1.7.5.1,CPD-7082,-,,33191
CYCPHOSDIESTER-RXN,3.1.4.16,CPD-7082,-,,33191
GLYCOLATEDEHYDRO-RXN,1.1.99.14,CPD-7082,-,,33191
RXN0-5266,1.10.3.14,CPD-7082,-,,33191
GALACTARDEHYDRA-RXN,4.2.1.42,CPD-7082,-,,33191
3-NUCLEOTID-RXN,3.1.3.6,CPD-7082,-,,33191
RXN0-5268,1.10.3.10,CPD-7082,-,,33191
PRPPAMIDOTRANS-RXN,2.4.2.14,CPD-7388,-,,20435
THREODEHYD-RXN,1.1.1.103,CPD-7388,-,,20435
THIOREDOXIN-REDUCT-NADPH-RXN,1.8.1.9,CPD-7388,-,,20435
RHAMNULPALDOL-RXN,4.1.2.19,CPD-7388,-,,20435
RXN-13854,1.7.1.15,CPD-763,-,,29242
SULFITE-REDUCT-RXN,1.8.1.2,CPD-763,-,,29242
THIOREDOXIN-REDUCT-NADPH-RXN,1.8.1.9,CPD-763,-,,29242
BIOTIN-CARBOXYL-RXN,6.3.4.14,CPD-764,-,,57488
BIOTIN-CARBOXYL-RXN,6.3.4.14,CPD-764,-,,57488
AMINEPHEN-RXN,1.4.3.21,CPD-7656,-,,3763
GLUTDECARBOX-RXN,4.1.1.15,CPD-7673,-,,86386
GLUTDECARBOX-RXN,4.1.1.15,CPD-7673,-,,86386
BADH-RXN,1.2.1.8,CPD-7679,-,,46020
ALADEHYDCHLORO-RXN,4.5.1.2,CPD-7702,-,,7959
RXN0-3501,1.7.5.1,CPD-7975,-,,28362
R601-RXN,1.3.5.4,CPD-7975,-,,28362
RXN0-5268,1.10.3.10,CPD-7975,-,,28362
RXN0-3501,1.7.5.1,CPD-7975,-,,28362
4OHBENZOATE-OCTAPRENYLTRANSFER-RXN,2.5.1.39,CPD-7988,-,,9750
CITLY-RXN,4.1.3.6,CPD-8123,-,,71302
ISOCIT-CLEAV-RXN,4.1.3.1,CPD-8147,-,,59899
ATPPHOSPHORIBOSYLTRANS-RXN,2.4.2.17,CPD-8179,-,,84561
ATPSYN-RXN,3.6.3.14,CPD-83,-,,45713
SUCCSEMIALDDEHYDROG-RXN,1.2.1.79,CPD-8774,-,,28476
RHAMNULPALDOL-RXN,4.1.2.19,CPD-8819,-,,30351
LYSDECARBOX-RXN,4.1.1.18,CPD-884,-,,57826
GLUTAMINESYN-RXN,6.3.1.2,CPD-9035,-,,28490
ETHAMLY-RXN,4.3.1.7,CPD-9037,-,,28115
RXN-16659,3.4.16.4,CPD-9195,-,,28971
RXN-16659,3.4.16.4,CPD-9195,-,,28971
GLUTAMIN-RXN,3.5.1.38,CPD-9195,-,,28971
RXN-16649,3.4.16.4,CPD-9195,-,,28971
RXN-16659,3.4.16.4,CPD-9227,-,,3534
RXN0-3461,3.4,CPD-9227,-,,3534
RXN-16659,3.4.16.4,CPD-9228,-,,3537
RXN-16659,3.4.16.4,CPD-9228,-,,3537
RXN-16659,3.4.16.4,CPD-9229,-,,50897
RXN-16659,3.4.16.4,CPD-9231,-,,471744
RXN-16659,3.4.16.4,CPD-9231,-,,471744
RXN-16659,3.4.16.4,CPD-9235,-,,161680
GLUTAMIN-RXN,3.5.1.38,CPD-9384,-,,58128
NAPHTHOATE-SYN-RXN,4.1.3.36,CPD-9925,-,1.5,58897
NAD-SYNTH-NH3-RXN,6.3.1.5,CPD0-1033,-,,554078
GMP-SYN-GLUT-RXN,6.3.5.2,CPD0-1033,-,,554078
CARBPSYN-RXN,6.3.5.5,CPD0-1036,-,,74545
GMP-SYN-GLUT-RXN,6.3.5.2,CPD0-1036,-,,74545
AKBLIG-RXN,2.3.1.29,CPD0-1074,-,,28812
GLCNACPTRANS-RXN,2.7.8.33,CPD0-1088,+,,1418
4OHBENZOATE-OCTAPRENYLTRANSFER-RXN,2.5.1.39,CPD0-1088,+,,1418
GLUCARDEHYDRA-RXN,4.2.1.40,CPD0-1092,-,,21040
METHGLYSYN-RXN,4.2.3.3,CPD0-1102,-,,28475
FUCPALDOL-RXN,4.1.2.17,CPD0-1102,-,,28475
RXN0-7008,1.5.5.2,CPD0-1104,-,,38108
UDPNACETYLGLUCOSAMENOLPYRTRANS-RXN,2.5.1.7,CPD0-1113,-,,62247
RHAMNISOM-RXN,5.3.1.14,CPD0-1114,-,,45530
ADENYL-KIN-RXN,2.7.4.3,CPD0-1137,-,,62041
XANPRIBOSYLTRAN-RXN,2.4.2.22,CPD0-1143,-,,63486
ENOYL-ACP-REDUCT-NADH-RXN,1.3.1.9,CPD0-1227,-,,164200
3.6.3.39-RXN,3.6.3.39,CPD0-1229,-,,49464
3.6.3.39-RXN,3.6.3.39,CPD0-1230,-,,49499
RXN0-5268,1.10.3.10,CPD0-1232,-,,84254
RXN0-5266,1.10.3.14,CPD0-1233,-,,538736
RXN0-5268,1.10.3.10,CPD0-1233,-,,538736
NADH-DEHYDROG-A-RXN,1.6.5.3,CPD0-1233,-,,538736
L-GLN-FRUCT-6-P-AMINOTRANS-RXN,2.6.1.16,CPD0-1236,-,,74407
L-GLN-FRUCT-6-P-AMINOTRANS-RXN,2.6.1.16,CPD0-1237,-,,84330
2.3.1.180-RXN,2.3.1.180,CPD0-1242,-,,398495
ACP-S-ACETYLTRANSFER-RXN,2.3.1.86,CPD0-1242,-,,398495
3-OXOACYL-ACP-SYNTH-BASE-RXN,2.3.1.86,CPD0-1242,-,,398495
3-OXOACYL-ACP-SYNTH-RXN,2.3.1.86,CPD0-1242,-,,398495
3-OXOACYL-ACP-SYNTH-BASE-RXN,2.3.1.86,CPD0-1242,-,,398495
3-OXOACYL-ACP-SYNTH-RXN,2.3.1.86,CPD0-1242,-,,398495
NADH-DEHYDROG-A-RXN,1.6.5.3,CPD0-1244,-,,25461
ATPSYN-RXN,3.6.3.14,CPD0-1250,-,,78878
TRANS-RXN0-277,1.6.1.5,CPD0-1250,-,,78878
ETHAMLY-RXN,4.3.1.7,CPD0-1256,-,,27786
GLUTDECARBOX-RXN,4.1.1.15,CPD0-1262,-,,38712
GLUTDECARBOX-RXN,4.1.1.15,CPD0-1262,-,,38712
GLUTDECARBOX-RXN,4.1.1.15,CPD0-1264,-,,76282
GLUTDECARBOX-RXN,4.1.1.15,CPD0-1264,-,,76282
GLUTDECARBOX-RXN,4.1.1.15,CPD0-1265,-,,78208
GLUTDECARBOX-RXN,4.1.1.15,CPD0-1265,-,,78208
GLUTDECARBOX-RXN,4.1.1.15,CPD0-1267,-,,30803
GLUTDECARBOX-RXN,4.1.1.15,CPD0-1267,-,,30803
GLUTDECARBOX-RXN,4.1.1.15,CPD0-1274,-,,39912
GLUTDECARBOX-RXN,4.1.1.15,CPD0-1274,-,,39912
KDOTRANS2-RXN,2.4.99.13,CPD0-1277,-,,8309
KDOTRANS-RXN,2.4.99.12,CPD0-1277,-,,8309
KDOTRANS2-RXN,2.4.99.13,CPD0-1281,-,,87049
KDOTRANS-RXN,2.4.99.12,CPD0-1281,-,,87049
BETAGALACTOSID-RXN,3.2.1.108,CPD0-1297,-,,49145
BETAGALACTOSID-RXN,3.2.1.108,CPD0-1300,-,,63139
2.5.1.19-RXN,2.5.1.19,CPD0-1308,-,1,67052
RXN-13990,4.1.3.42,CPD0-1309,-,,49823
CYTIDEAM2-RXN,3.5.4.5,CPD0-1312,-,0.36,46938
URKI-RXN,2.7.1.48,CPD0-1319,-,,111518
CYTIDINEKIN-RXN,2.7.1,CPD0-1319,-,,111518
URACIL-PRIBOSYLTRANS-RXN,2.4.2.9,CPD0-1327,-,13,46345
AKBLIG-RXN,2.3.1.29,CPD0-1349,-,,41674
THREODEHYD-RXN,1.1.1.103,CPD0-1349,-,,41674
PYRUVDEH-RXN,1.2.1,CPD0-1353,-,,55522
THIOREDOXIN-REDUCT-NADPH-RXN,1.8.1.9,CPD0-1355,-,,35456
3.5.1.88-RXN,3.5.1.88,CPD0-1358,-,,220740
3.5.1.88-RXN,3.5.1.88,CPD0-1359,-,,3330
SUCCINATE-DEHYDROGENASE-UBIQUINONE-RXN,1.3.5.1,CPD0-1366,-,,3405
SUCCINATE-DEHYDROGENASE-UBIQUINONE-RXN,1.3.5.1,CPD0-1367,-,,25185
SERINE--TRNA-LIGASE-RXN,6.1.1.11,CPD0-1378,-,,75494
TRANS-RXN0-623,6.2.1.3,CPD0-1385,-,,29221
RXN0-7238,6.2.1.3,CPD0-1385,-,,29221
RXN0-7239,6.2.1.3,CPD0-1385,-,,29221
RXN0-7248,6.2.1.3,CPD0-1385,-,,29221
ACYLCOASYN-RXN,6.2.1.3,CPD0-1385,-,,29221
RIBONUCLEOSIDE-DIP-REDUCTI-RXN,1.17.4.1,CPD0-1392,-,,27899
RIBONUCLEOSIDE-DIP-REDUCTI-RXN,1.17.4.1,CPD0-1395,-,,25941
SAMDECARB-RXN,4.1.1.50,CPD0-1396,-,,129623
PYRIDOXKIN-RXN,2.7.1.35,CPD0-1408,-,200,359238
PPGPPSYN-RXN,3.1.7.2,CPD0-1414,-,,71392
CARDIOLIPSYN-RXN,2.7.8,CPD0-1422,-,,72859
CARDIOLIPSYN-RXN,2.7.8,CPD0-1423,-,,82921
CARDIOLIPSYN-RXN,2.7.8,CPD0-1425,-,,83550
3.4.11.18-RXN,3.4.11.18,CPD0-1436,-,,48635
S-ADENMETSYN-RXN,2.5.1.6,CPD0-1437,-,,43515
GLUTRACE-RXN,5.1.1.3,CPD0-1456,+,,83898
UDP-NACMURALGLDAPLIG-RXN,6.3.2.13,CPD0-1456,-,,83898
GLYOCARBOLIG-RXN,4.1.1.47,CPD0-1464,-,,27906
GLYRIBONUCSYN-RXN,6.3.4.13,CPD0-1465,-,,40532
POLYPHOSPHATE-KINASE-RXN,2.7.4.1,CPD0-1470,-,,30087
POLYPHOSPHATE-KINASE-RXN,2.7.4.1,CPD0-1470,+,,30087
DEOXYRIBOSE-P-ALD-RXN,4.1.2.4,CPD0-1476,-,,28142
IMIDPHOSDEHYD-RXN,4.2.1.19,CPD0-1491,-,,40036
RXN0-6277,1,CPD0-1496,-,,29678
DTMPKI-RXN,2.7.4.12,CPD0-1508,-,,246346
DIAMINOPIMDECARB-RXN,4.1.1.20,CPD0-1577,-,,50868
DIHYDROFOLATEREDUCT-RXN,1.5.1.3,CPD0-1581,-,,45924
DIHYDROFOLATEREDUCT-RXN,1.5.1.3,CPD0-1590,-,,101138
RXN0-5055,6.4.1.2,CPD0-1598,-,,400801
RXN0-5462,3.6.5.1,CPD0-1606,-,,71321
GALACTOACETYLTRAN-RXN,2.3.1.18,CPD0-1608,-,,86360
GALACTUROISOM-RXN,5.3.1.12,CPD0-1610,-,,33192
GLUCUROISOM-RXN,5.3.1.12,CPD0-1610,-,,33192
ATPSYN-RXN,3.6.3.14,CPD0-1624,-,,30111
ACYL-COA-HYDROLASE-RXN,3.1.2.20,CPD0-1625,-,,43830
RXN0-5224,4.2.1.1,CPD0-1626,-,,27690
RXN0-5515,2.7.7.41,CPD0-1629,+,,27729
AMP-NUCLEOSID-RXN,3.2.2.4,CPD0-1634,+,,30617
PRPPSYN-RXN,2.7.6.1,CPD0-1651,-,,87194
ADENYLYLSULFKIN-RXN,2.7.1.25,CPD0-1651,-,,87194
ADENYLYLSULFKIN-RXN,2.7.1.25,CPD0-1651,-,,87194
ALCOHOL-DEHYDROG-RXN,1.1.1.1,CPD0-1652,-,44,5141
MANNONDEHYDRAT-RXN,4.2.1.8,CPD0-1656,-,,32323
BADH-RXN,1.2.1.8,CPD0-1675,-,,327449
PEPCARBOX-RXN,4.1.1.31,CPD0-1682,+,,47032
RXN0-3501,1.7.5.1,CPD0-1686,-,,32155
N-ACETYLTRANSFER-RXN,2.3.1.1,CPD0-1690,-,,6253
7-ALPHA-HYDROXYSTEROID-DEH-RXN,1.1.1.159,CPD0-1693,-,,30808
7-ALPHA-HYDROXYSTEROID-DEH-RXN,1.1.1.159,CPD0-1694,-,,30812
7-ALPHA-HYDROXYSTEROID-DEH-RXN,1.1.1.159,CPD0-1695,-,,35696
7-ALPHA-HYDROXYSTEROID-DEH-RXN,1.1.1.159,CPD0-1696,-,,53001
DIACYLGLYKIN-RXN,2.7.1.107,CPD0-1812,-,,73990
GLURS-RXN,6.1.1.17,CPD0-1883,-,,744602
3.4.15.5-RXN,3.4.15.5,CPD0-2067,-,,3380
RXN-16659,3.4.16.4,CPD0-2068,-,,3547
RXN-16659,3.4.16.4,CPD0-2069,-,,3515
NADPH-DEHYDROGENASE-FLAVIN-RXN,1.5.1.30,CPD0-2301,-,,77986
NADH-DEHYDROG-A-RXN,1.6.5.3,CPD0-2356,-,,49701
UDPNACETYLGLUCOSAMENOLPYRTRANS-RXN,2.5.1.7,CPD0-2537,-,,64362
ASPARTATE--TRNA-LIGASE-RXN,6.1.1.12,CPD0-916,-,,74089
TRYPTOPHAN--TRNA-LIGASE-RXN,6.1.1.2,CPD0-920,-,8.5,79394
THI-P-SYN-RXN,2.5.1.3,CREATINE-P,-,,58092
CYTIDINEKIN-RXN,2.7.1,CTP,-,,37563
RXN0-5515,2.7.7.41,CTP,-,,37563
CTPSYN-RXN,6.3.4.2,CTP,-,,37563
URKI-RXN,2.7.1.48,CTP,-,,37563
ASPCARBTRANS-RXN,2.1.3.2,CTP,-,,37563
GLUTAMINESYN-RXN,6.3.1.2,CTP,-,,37563
THI-P-SYN-RXN,2.5.1.3,CTP,-,,37563
PHOSPHOGLUCMUT-RXN,5.4.2.2,CU+,-,,49552
RXN-15313,4.1.3.3,CU+2,-,,29036
S-FORMYLGLUTATHIONE-HYDROLASE-RXN,3.1.2.12,CU+2,-,,29036
S-FORMYLGLUTATHIONE-HYDROLASE-RXN,3.1.2.12,CU+2,-,,29036
7-ALPHA-HYDROXYSTEROID-DEH-RXN,1.1.1.159,CU+2,-,,29036
GLUTAMIN-RXN,3.5.1.38,CU+2,-,,29036
INOSINEKIN-RXN,2.7.1.73,CU+2,-,,29036
GUANOSINEKIN-RXN,2.7.1.73,CU+2,-,,29036
GLYOXIII-RXN,4.2.1,CU+2,-,,29036
RXN0-5120,2.4.1,CU+2,-,,29036
GLYOXII-RXN,3.1.2.6,CU+2,-,,29036
GLYOXII-RXN,3.1.2.6,CU+2,-,,29036
AKBLIG-RXN,2.3.1.29,CU+2,-,,29036
AMINOPROPDEHYDROG-RXN,1.1.1.75,CU+2,-,,29036
CYCPHOSDIESTER-RXN,3.1.4.16,CU+2,-,,29036
RXN0-299,1.14.11.17,CU+2,-,,29036
GLYCDEH-RXN,1.1.1.6,CU+2,-,,29036
LACTALDDEHYDROG-RXN,1.2.1.22,CU+2,-,,29036
N-ACETYLTRANSFER-RXN,2.3.1.1,CU+2,-,,29036
GLUTDECARBOX-RXN,4.1.1.15,CU+2,-,,29036
POLYPHOSPHATE-KINASE-RXN,2.7.4.1,CU+2,-,,29036
TETHYDPICSUCC-RXN,2.3.1.117,CU+2,-,,29036
THREODEHYD-RXN,1.1.1.103,CU+2,-,,29036
3.4.15.5-RXN,3.4.15.5,CU+2,-,,29036
ACNEULY-RXN,4.1.3.3,CU+2,-,,29036
ACETYLORNTRANSAM-RXN,2.6.1.11,CU+2,-,,29036
GLYOCARBOLIG-RXN,4.1.1.47,CU+2,-,,29036
GALACTUROISOM-RXN,5.3.1.12,CU+2,-,,29036
GLUCUROISOM-RXN,5.3.1.12,CU+2,-,,29036
GLUTSEMIALDEHYDROG-RXN,1.2.1.41,CU+2,-,,29036
CYTDEAM-RXN,3.5.4.1,CU+2,-,1.8,29036
ACETYLORNDEACET-RXN,3.5.1.16,CU+2,-,,29036
RXN0-5256,1.12.99.6,CU+2,-,,29036
ALLANTOINASE-RXN,3.5.2.5,CU+2,-,,29036
1.1.1.283-RXN,1.1.1.283,CU+2,-,,29036
KDO-8PPHOSPHAT-RXN,3.1.3.45,CU+2,-,,29036
N-ACETYLGLUTPREDUCT-RXN,1.2.1.38,CU+2,-,,29036
GLYCOPHOSPHORYL-RXN,2.4.1.1,CU+2,-,,29036
KDO-8PSYNTH-RXN,2.5.1.55,CU+2,-,,29036
CROBETREDUCT-RXN,1.3.99,CU+2,-,,29036
GLUTDECARBOX-RXN,4.1.1.15,CU+2,-,,29036
3-NUCLEOTID-RXN,3.1.3.6,CU+2,-,,29036
D-PPENTOMUT-RXN,5.4.2.7,CU+2,-,,29036
MANNOSE-ISOMERASE-RXN,5.3.1.7,CU+2,-,,29036
RXN0-6277,1,CUSO4,-,,23414
GLYCOLATEDEHYDRO-RXN,1.1.99.14,CUSO4,-,,23414
RXN0-5146,3.2.1.196,CUSO4,-,,23414
ALKAPHOSPHA-RXN,3.1.3.1,CYS,-,,35235
DCYSDESULF-RXN,4.4.1.15,CYS,-,530,35235
TRANS-RXN0-593,3.6.3.21,CYS,-,,35235
AKBLIG-RXN,2.3.1.29,CYS,-,,35235
7KAPSYN-RXN,2.3.1.47,CYS,-,,35235
ALKAPHOSPHA-RXN,3.1.3.1,CYS,-,,35235
PHOSPHOGLUCMUT-RXN,5.4.2.2,CYS,+,,35235
GALACTUROISOM-RXN,5.3.1.12,CYS,-,,35235
GLUCUROISOM-RXN,5.3.1.12,CYS,-,,35235
HOMOSERKIN-RXN,2.7.1.39,CYS,-,,35235
SERINE-O-ACETTRAN-RXN,2.3.1.30,CYS,-,,35235
DIAMINOPIMDECARB-RXN,4.1.1.20,CYSTINE,-,,35491
ASPARTATE-SEMIALDEHYDE-DEHYDROGENASE-RXN,1.2.1.11,CYSTINE,-,,35491
RXN-13990,4.1.3.42,D-4-HYDROXY-2-KETO-GLUTARATE,-,,62213
DALADALALIG-RXN,6.3.2.4,D-ALA-D-ALA,-,49,57822
DALADALALIG-RXN,6.3.2.4,D-ALA-D-ALA,-,70,57822
GLYOHMETRANS-RXN,2.1.2.1,D-ALANINE,-,,57416
MANNONDEHYDRAT-RXN,4.2.1.8,D-ALTRONATE,+,,17360
CROBETREDUCT-RXN,1.3.99,D-CARNITINE,-,,11060
TRANS-RXN0-593,3.6.3.21,D-CYSTEINE,+,,35236
DCYSDESULF-RXN,4.4.1.15,D-CYSTEINE,-,,35236
GLUCARDEHYDRA-RXN,4.2.1.40,D-GALACTARATE,-,,16537
KDGALDOL-RXN,4.1.2.20,D-GALACTARATE,-,,16537
GLUTDEHYD-RXN,1.4.1.4,D-GLT,-,,29986
GLUTAMATESYN-RXN,1.4.1.13,D-GLT,-,,29986
KDGALDOL-RXN,4.1.2.20,D-GLUCARATE,-,,30612
RXN0-7008,1.5.5.2,D-LACTATE,-,,16004
ALTRO-OXIDOREDUCT-RXN,1.1.1.58,D-MANNONATE,-,,17767
ASPDECARBOX-RXN,4.1.1.11,D-SERINE,-,,35247
MANNONDEHYDRAT-RXN,4.2.1.8,D-TAGATURONATE,+,,17886
THYKI-RXN,2.7.1.145,DADP,+,,57667
RXN0-384,3.6.1.19,DAMP,-,,58245
RXN0-3741,3.1.3.89,DATP,-,,61404
TYROSINE--TRNA-LIGASE-RXN,6.1.1.1,DATP,-,,61404
THYKI-RXN,2.7.1.145,DATP,+,,61404
RIBONUCLEOSIDE-DIP-REDUCTI-RXN,1.17.4.1,DATP,-,,61404
MANNOSE-ISOMERASE-RXN,5.3.1.7,DATP,-,,61404
THYKI-RXN,2.7.1.145,DCDP,+,,58593
RIBONUCLEOSIDE-DIP-REDUCTI-RXN,1.17.4.1,DCDP,-,,58593
RXN0-3741,3.1.3.89,DCTP,-,,61481
DTMPKI-RXN,2.7.4.12,DCTP,-,,61481
RXN0-5515,2.7.7.41,DCTP,-,,61481
THYKI-RXN,2.7.1.145,DCTP,+,,61481
3-DEHYDROQUINATE-DEHYDRATASE-RXN,4.2.1.10,DEHYDROQUINATE,-,,32364
4OHBENZOATE-OCTAPRENYLTRANSFER-RXN,2.5.1.39,DEOXYCHOLATE,-,,23614
RXN0-5055,6.4.1.2,DETHIOBIOTIN,-,,57861
THYKI-RXN,2.7.1.145,DGDP,+,,58595
RXN0-3741,3.1.3.89,DGTP,-,,61429
THYKI-RXN,2.7.1.145,DGTP,+,,61429
GUANYL-KIN-RXN,2.7.4.8,DGTP,-,,61429
GTP-CYCLOHYDRO-I-RXN,3.5.4.16,DGTP,-,0.24,61429
AKBLIG-RXN,2.3.1.29,DIACETYL,-,,16583
RXN-1381,2.3.1.15,DIACETYL,-,,16583
THREODEHYD-RXN,1.1.1.103,DIACETYL,-,,16583
RXN-11496,1.2.5.1,DIACETYL,+,,16583
NADH-DEHYDROGENASE-QUINONE-RXN,1.6.5.11,DICOUMAROL,-,,4513
QOR-RXN,1.6.5.5,DICOUMAROL,-,,4513
RXN-15313,4.1.3.3,DIETHYLPYROCARBONATE,-,,59051
ACYL-COA-HYDROLASE-RXN,3.1.2.20,DIETHYLPYROCARBONATE,-,,59051
HOMSUCTRAN-RXN,2.3.1.46,DIETHYLPYROCARBONATE,-,,59051
3-DEHYDROQUINATE-DEHYDRATASE-RXN,4.2.1.10,DIETHYLPYROCARBONATE,-,,59051
7-ALPHA-HYDROXYSTEROID-DEH-RXN,1.1.1.159,DIETHYLPYROCARBONATE,-,,59051
O-SUCCINYLBENZOATE-COA-LIG-RXN,6.2.1.26,DIETHYLPYROCARBONATE,-,,59051
ASPARTASE-RXN,4.3.1.1,DIETHYLPYROCARBONATE,-,,59051
ACNEULY-RXN,4.1.3.3,DIETHYLPYROCARBONATE,-,,59051
SORB6PDEHYDROG-RXN,1.1.1.140,DIETHYLPYROCARBONATE,-,,59051
L-GLN-FRUCT-6-P-AMINOTRANS-RXN,2.6.1.16,DIETHYLPYROCARBONATE,-,,59051
KDO-8PSYNTH-RXN,2.5.1.55,DIETHYLPYROCARBONATE,-,,59051
FOLYLPOLYGLUTAMATESYNTH-RXN,6.3.2.17,DIHYDROFOLATE,-,,57451
DIHYDROFOLATESYNTH-RXN,6.3.2.12,DIHYDROFOLATE,-,,57451
H2NEOPTERINP3PYROPHOSPHOHYDRO-RXN,3.6.1.67,DIHYDRONEOPTERIN-P,-,,58762
RXN0-5260,1.1.5.3,DIHYDROXY-ACETONE-PHOSPHATE,-,,57642
RXN-1381,2.3.1.15,DIHYDROXY-ACETONE-PHOSPHATE,-,,57642
METHGLYSYN-RXN,4.2.3.3,DIHYDROXY-ACETONE-PHOSPHATE,+,,57642
RXN-15313,4.1.3.3,DIHYDROXYACETONE,-,,16016
ACNEULY-RXN,4.1.3.3,DIHYDROXYACETONE,-,,16016
3.4.21.92-RXN,3.4.21.92,DIISOPROPYL-FLUOROPHOSPHATE,-,,17941
3.4.21.102-RXN,3.4.21.102,DIISOPROPYL-FLUOROPHOSPHATE,-,,17941
3.4.21.53-RXN,3.4.21.53,DIISOPROPYL-FLUOROPHOSPHATE,-,,17941
LYSOPHOSPHOLIPASE-RXN,3.1.1.5,DIISOPROPYL-FLUOROPHOSPHATE,-,,17941
THIOESTER-RXN,3.1.2.2,DIISOPROPYL-FLUOROPHOSPHATE,-,,17941
GALACTARDEHYDRA-RXN,4.2.1.42,DIMETHYLARSINATE,-,,16223
TRNA-S-TRANSFERASE-RXN,2.8.1.4,DITHIOTHREITOL,+,,42106
F16BDEPHOS-RXN,3.1.3.11,DITHIOTHREITOL,+,,42106
AKBLIG-RXN,2.3.1.29,DITHIOTHREITOL,-,,42106
DHHB-METHYLTRANSFER-RXN,2.1.1.64,DITHIOTHREITOL,+,,42106
3-OCTAPRENYL-4-OHBENZOATE-DECARBOX-RXN,4.1.1.98,DITHIOTHREITOL,+,,42106
1.1.1.283-RXN,1.1.1.283,DITHIOTHREITOL,+,,42106
ISOCHORSYN-RXN,5.4.4.2,DITHIOTHREITOL,NIL,,42106
ALLANTOINASE-RXN,3.5.2.5,DITHIOTHREITOL,-,,42106
RXN0-5264,1.7.2.3,DMSO,-,,28262
DTDPGLUCOSEPP-RXN,2.7.7.24,DTDP-D-GLUCOSE,-,,57477
GLYCOPHOSPHORYL-RXN,2.4.1.1,DTDP-D-GLUCOSE,-,,57477
DTDPGLUCOSEPP-RXN,2.7.7.24,DTDP-RHAMNOSE,-,,57510
DTMPKI-RXN,2.7.4.12,DUMP,-,,246422
DCTP-DEAM-RXN,3.5.4.13,DUTP,-,,61555
RXN-16650,2.4.1.129,EDTA,-,,42191
HOMOCYSMET-RXN,2.1.1.14,EDTA,-,,42191
RXN0-5515,2.7.7.41,EDTA,-,,42191
RXN-6622,3.4.13.18,EDTA,-,,42191
RXN0-884,1.17.7.4,EDTA,-,,42191
3.4.15.5-RXN,3.4.15.5,EDTA,-,,42191
CYCPHOSDIESTER-RXN,3.1.4.16,EDTA,-,,42191
RXN0-6277,1,EDTA,-,,42191
THI-P-KIN-RXN,2.7.4.16,EDTA,-,,42191
ASPARTASE-RXN,4.3.1.1,EDTA,-,,42191
3-OCTAPRENYL-4-OHBENZOATE-DECARBOX-RXN,4.1.1.98,EDTA,-,,42191
DUTP-PYROP-RXN,3.6.1.19,EDTA,-,,42191
GLUCONOLACT-RXN,3.1.1.17,EDTA,-,,42191
UDPACYLGLCNACDEACETYL-RXN,3.5.1.108,EDTA,-,,42191
RHAMNULPALDOL-RXN,4.1.2.19,EDTA,-,,42191
GALACTUROISOM-RXN,5.3.1.12,EDTA,-,,42191
GLUCUROISOM-RXN,5.3.1.12,EDTA,-,,42191
GST-RXN,2.5.1.18,EDTA,+,,42191
ACID-PHOSPHATASE-RXN,3.1.3.2,EDTA,-,,42191
ACETYLORNDEACET-RXN,3.5.1.16,EDTA,-,,42191
KDO-8PPHOSPHAT-RXN,3.1.3.45,EDTA,-,,42191
F16ALDOLASE-RXN,4.1.2.13,EDTA,-,,42191
CROBETREDUCT-RXN,1.3.99,EDTA,-,,42191
RHAMNISOM-RXN,5.3.1.14,EDTA,-,,42191
KDGALDOL-RXN,4.1.2.20,EDTA,-,,42191
3-NUCLEOTID-RXN,3.1.3.6,EDTA,-,,42191
ACETATE--COA-LIGASE-RXN,6.2.1.1,EDTA,-,,42191
RXN-11277,3.1.3.81,EDTA,+,,42191
AGMATIN-RXN,3.5.3.11,EDTA,-,,42191
DUTP-PYROP-RXN,3.6.1.19,EGTA,-,,30741
AGMATIN-RXN,3.5.3.11,EGTA,-,,30741
BETAGALACTOSID-RXN,3.2.1.108,ETHANOL-AMINE,-,,57603
ACID-PHOSPHATASE-RXN,3.1.3.2,ETOH,+,,16236
PEPSYNTH-RXN,2.7.9.2,F-,-,,17051
INORGPYROPHOSPHAT-RXN,3.6.1.1,F-,-,,17051
GUANYLCYC-RXN,4.6.1.2,F-,-,,17051
RXN0-5114,3.1.3.3,F-,-,,17051
2PGADEHYDRAT-RXN,4.2.1.11,F-,-,,17051
GLYCOPHOSPHORYL-RXN,2.4.1.1,F-,+,,17051
KDGALDOL-RXN,4.1.2.20,F-,-,,17051
FMNREDUCT-RXN,1.5.1.39,FAD,-,0.1,57692
RXN-15313,4.1.3.3,FE+2,-,,29033
SAMDECARB-RXN,4.1.1.50,FE+2,+,,29033
AMINOPROPDEHYDROG-RXN,1.1.1.75,FE+2,-,,29033
ALTRODEHYDRAT-RXN,4.2.1.7,FE+2,+,,29033
O-SUCCINYLBENZOATE-COA-LIG-RXN,6.2.1.26,FE+2,-,,29033
PHOSPHOGLUCMUT-RXN,5.4.2.2,FE+2,-,,29033
ACNEULY-RXN,4.1.3.3,FE+2,-,,29033
MANNONDEHYDRAT-RXN,4.2.1.8,FE+2,+,,29033
ACETYLORNTRANSAM-RXN,2.6.1.11,FE+2,-,,29033
DIMESULFREDUCT-RXN,1.8.5.3,FE+2,+,,29033
N-ACETYLGLUTPREDUCT-RXN,1.2.1.38,FE+2,-,,29033
DAHPSYN-RXN,2.5.1.54,FE+2,+,,29033
D-PPENTOMUT-RXN,5.4.2.7,FE+2,-,,29033
SAMDECARB-RXN,4.1.1.50,FE+3,+,,29034
D-PPENTOMUT-RXN,5.4.2.7,FE+3,-,,29034
MANNOSE-ISOMERASE-RXN,5.3.1.7,FE+3,-,,29034
3-CH3-2-OXOBUTANOATE-OH-CH3-XFER-RXN,2.1.2.11,FORMALDEHYDE,-,,16842
RXN0-5268,1.10.3.10,FORMAMIDE,-,,16397
R524-RXN,4.2.1.104,FORMATE,-,,15740
GLYCEROL-KIN-RXN,2.7.1.30,FRUCTOSE-16-DIPHOSPHATE,-,500,32966
GSADENYLATION-RXN,2.7.7.42,FRUCTOSE-16-DIPHOSPHATE,-,,32966
6PFRUCTPHOS-RXN,2.7.1.11,FRUCTOSE-16-DIPHOSPHATE,-,,32966
1PFRUCTPHOSN-RXN,2.7.1.56,FRUCTOSE-16-DIPHOSPHATE,-,,32966
PEPCARBOX-RXN,4.1.1.31,FRUCTOSE-16-DIPHOSPHATE,+,,32966
RXN-9952,1.1.1.44,FRUCTOSE-16-DIPHOSPHATE,-,,32966
PEPDEPHOS-RXN,2.7.1.40,FRUCTOSE-16-DIPHOSPHATE,+,,32966
GLUC1PADENYLTRANS-RXN,2.7.7.27,FRUCTOSE-16-DIPHOSPHATE,+,,32966
QUINOPRIBOTRANS-RXN,2.4.2.19,FRUCTOSE-16-DIPHOSPHATE,-,,32966
GSADENYLATION-RXN,2.7.7.42,FRUCTOSE-6P,-,,57634
6PFRUCTPHOS-RXN,2.7.1.11,FRUCTOSE-6P,+,,57634
PHOSICITDEHASE-RXN,2.7.11.5,FRUCTOSE-6P,-,,57634
NAG6PDEACET-RXN,3.5.1.25,FRUCTOSE-6P,-,,57634
MALIC-NADP-RXN,1.1.1.40,FUM,-,,29806
GLUTDECARBOX-RXN,4.1.1.15,FUM,-,,29806
GLUTDECARBOX-RXN,4.1.1.15,FUM,-,,29806
RXN-16701,1.1.1,G3P,-,,58272
RXN0-5260,1.1.5.3,G3P,-,,58272
GSADENYLATION-RXN,2.7.7.42,G3P,-,,58272
METHGLYSYN-RXN,4.2.3.3,G3P,-,,58272
DEPHOSICITDEHASE-RXN,3.1.3,G3P,+,,58272
PHOSICITDEHASE-RXN,2.7.11.5,G3P,-,,58272
ISOCIT-CLEAV-RXN,4.1.3.1,G3P,-,,58272
KETOGLUTREDUCT-RXN,1.1.1,G3P,-,,58272
DARABISOM-RXN,5.3.1.3,GALACTITOL,-,,16813
BETAGALACTOSID-RXN,3.2.1.108,GALACTOSE,-,,28034
CROBETREDUCT-RXN,1.3.99,GAMMA-BUTYROBETAINE,-,,16244
RXN0-5260,1.1.5.3,GAP,-,,59776
KDPGALDOL-RXN,4.1.2.55,GAP,-,,59776
PRPPAMIDOTRANS-RXN,2.4.2.14,GDP,+,,58189
ORNDECARBOX-RXN,4.1.1.17,GDP,+,,58189
DGTPTRIPHYDRO-RXN,3.1.5.1,GDP,-,,58189
6PFRUCTPHOS-RXN,2.7.1.11,GDP,+,,58189
THYKI-RXN,2.7.1.145,GDP,+,,58189
1.1.1.271-RXN,1.1.1.271,GDP,-,,58189
GUANYL-KIN-RXN,2.7.4.8,GDP,-,,58189
NUCLEOSIDE-DIP-KIN-RXN,2.7.4.6,GDP,-,,58189
GTP-CYCLOHYDRO-I-RXN,3.5.4.16,GDP,-,1.5,58189
GUANOSINEKIN-RXN,2.7.1.73,GDP,-,,58189
GUANOSINEKIN-RXN,2.7.1.73,GDP,-,,58189
GDPMANMANHYDRO-RXN,3.2.1,GDP,-,,58189
GDPMANDEHYDRA-RXN,4.2.1.47,GDP-D-GLUCOSE,-,,62230
UDPSUGARHYDRO-RXN,3.6.1.45,GDP-D-GLUCOSE,-,,62230
LYSDECARBOX-RXN,4.1.1.18,GDP-TP,-,,16690
ORNDECARBOX-RXN,4.1.1.17,GDP-TP,+,,16690
EXOPOLYPHOSPHATASE-RXN,3.6.1.11,GDP-TP,-,10,16690
GLYCOPHOSPHORYL-RXN,2.4.1.1,GLC,-,,15903
PHOSPHOGLUCMUT-RXN,5.4.2.2,GLC-1-P,-,,58601
MALIC-NADP-RXN,1.1.1.40,GLC-6-P,+,,58247
F16BDEPHOS-RXN,3.1.3.11,GLC-6-P,-,,58247
GSADENYLATION-RXN,2.7.7.42,GLN,+,,58359
URITRANS-RXN,2.7.7.59,GLN,-,,58359
GSDEADENYLATION-RXN,2.7.7.89,GLN,-,,58359
GLUTDEHYD-RXN,1.4.1.4,GLN,-,,58359
DIAMINOPIMDECARB-RXN,4.1.1.20,GLT,-,,29985
MALIC-NADP-RXN,1.1.1.40,GLT,+,,29985
GLUTAMIN-RXN,3.5.1.38,GLT,-,,29985
PYROXALTRANSAM-RXN,2.6.1.31,GLT,-,,29985
L-GLN-FRUCT-6-P-AMINOTRANS-RXN,2.6.1.16,GLT,-,,29985
GLUTAMIN-RXN,3.5.1.38,GLT,-,,29985
GLUTAMIN-RXN,3.5.1.38,GLT,+,,29985
MANNONDEHYDRAT-RXN,4.2.1.8,GLUCONATE,-,,18391
GLUTDECARBOX-RXN,4.1.1.15,GLUTACONATE,-,,36460
GLUTDECARBOX-RXN,4.1.1.15,GLUTACONATE,-,,36460
GLUTDECARBOX-RXN,4.1.1.15,GLUTARATE,-,,30921
GLUTDECARBOX-RXN,4.1.1.15,GLUTARATE,-,,30921
AKBLIG-RXN,2.3.1.29,GLUTATHIONE,-,,57925
LYXK-RXN,2.7.1.53,GLUTATHIONE,+,,57925
ACETYLORNDEACET-RXN,3.5.1.16,GLUTATHIONE,+,,57925
1.1.1.283-RXN,1.1.1.283,GLUTATHIONE,+,,57925
GLUTCYSLIG-RXN,6.3.2.2,GLUTATHIONE,-,,57925
ASPARTATE-SEMIALDEHYDE-DEHYDROGENASE-RXN,1.2.1.11,GLUTATHIONE,-,,57925
RXN-16701,1.1.1,GLY,-,,15428
FORMYLTHFDEFORMYL-RXN,3.5.1.10,GLY,-,,15428
SERINE-O-ACETTRAN-RXN,2.3.1.30,GLY,-,,15428
PGLYCDEHYDROG-RXN,1.1.1.95,GLY,-,,15428
GLUTAMINESYN-RXN,6.3.1.2,GLY,-,,15428
KETOGLUTREDUCT-RXN,1.1.1,GLY,-,,15428
BADH-RXN,1.2.1.8,GLYCERALD,-,,17378
RXN0-313,4.1.2,GLYCEROL,-,,17754
GLYCEROL-KIN-RXN,2.7.1.30,GLYCEROL,-,,17754
GLYC3PDEHYDROGBIOSYN-RXN,1.1.1.94,GLYCEROL-3P,-,4.4,57597
F16ALDOLASE-RXN,4.1.2.13,GLYCEROL-3P,+,,57597
PHOSPHAGLYPSYN-RXN,2.7.8.5,GLYCEROL-3P,-,,57597
GLYCEROL-KIN-RXN,2.7.1.30,GLYCEROL-3P,-,,57597
GLYCOLALD-DEHYDROG-RXN,1.2.1.21,GLYCOLALDEHYDE,-,,17071
MALSYN-RXN,2.3.3.9,GLYCOLLATE,-,,29805
ISOCIT-CLEAV-RXN,4.1.3.1,GLYCOLLATE,-,,29805
RXN-11319,4.1.99.19,GLYOX,-,,35179
ISOCITDEH-RXN,1.1.1.42,GLYOX,-,,35179
PYRUVDEH-RXN,1.2.1,GLYOX,-,,35179
PHOSICITDEHASE-RXN,2.7.11.5,GLYOX,-,,35179
RXN-13990,4.1.3.42,GLYOX,-,,35179
ACETOLACTSYN-RXN,2.2.1.6,GLYOX,-,,35179
PRPPAMIDOTRANS-RXN,2.4.2.14,GMP,-,,58115
PRPPAMIDOTRANS-RXN,2.4.2.14,GMP,-,,58115
GUANPRIBOSYLTRAN-RXN,2.4.2.8,GMP,-,,58115
IMP-DEHYDROG-RXN,1.1.1.205,GMP,-,,58115
XANPRIBOSYLTRAN-RXN,2.4.2.22,GMP,-,,58115
GUANOSINEKIN-RXN,2.7.1.73,GMP,-,,58115
HYPOXANPRIBOSYLTRAN-RXN,2.4.2.8,GMP,-,,58115
PRPPAMIDOTRANS-RXN,2.4.2.14,GTP,+,,37565
ORNDECARBOX-RXN,4.1.1.17,GTP,+,,37565
PEPDEPHOS-RXN,2.7.1.40,GTP,-,,37565
RXN0-5073,3.6.1,GTP,-,,37565
ADENYLATECYC-RXN,4.6.1.1,GTP,-,,37565
DGTPTRIPHYDRO-RXN,3.1.5.1,GTP,-,,37565
URACIL-PRIBOSYLTRANS-RXN,2.4.2.9,GTP,+,,37565
CTPSYN-RXN,6.3.4.2,GTP,+,,37565
RXN-12002,2.7.4.22,GTP,+,,37565
PEPCARBOX-RXN,4.1.1.31,GTP,+,,37565
PHOSPHOGLUCMUT-RXN,5.4.2.2,GTP,-,,37565
THYKI-RXN,2.7.1.145,GTP,+,,37565
METHYLENETHFDEHYDROG-NADP-RXN,1.5.1.5,GTP,-,,37565
GUANYL-KIN-RXN,2.7.4.8,GTP,-,,37565
NUCLEOSIDE-DIP-KIN-RXN,2.7.4.6,GTP,-,,37565
NUCLEOSIDE-DIP-KIN-RXN,2.7.4.6,GTP,-,,37565
ORNDECARBOX-RXN,4.1.1.17,GTP,+,,37565
GUANOSINEKIN-RXN,2.7.1.73,GTP,-,,37565
THI-P-SYN-RXN,2.5.1.3,GTP,-,,37565
ACID-PHOSPHATASE-RXN,3.1.3.2,GUANOSINE,-,,16750
GUANYL-KIN-RXN,2.7.4.8,GUANOSINE,-,,16750
LYSDECARBOX-RXN,4.1.1.18,GUANOSINE-5DP-3DP,-,,77828
ORNDECARBOX-RXN,4.1.1.17,GUANOSINE-5DP-3DP,+,,77828
EXOPOLYPHOSPHATASE-RXN,3.6.1.11,GUANOSINE-5DP-3DP,-,200,77828
URACIL-PRIBOSYLTRANS-RXN,2.4.2.9,GUANOSINE-5DP-3DP,+,,77828
HYPOXANPRIBOSYLTRAN-RXN,2.4.2.8,GUANOSINE-5DP-3DP,-,,77828
GDPPYPHOSKIN-RXN,2.7.6.5,GUANOSINE-5DP-3DP,-,,77828
ADENYLOSUCCINATE-SYNTHASE-RXN,6.3.4.4,GUANOSINE-5DP-3DP,-,,77828
PPPGPPHYDRO-RXN,3.6.1.40,GUANOSINE-5DP-3DP,-,,77828
ORNDECARBOX-RXN,4.1.1.17,GUANOSINE-5DP-3DP,-,,77828
THIOREDOXIN-REDUCT-NADPH-RXN,1.8.1.9,HCN,-,,18407
FORMATEDEHYDROG-RXN,1.1.5.6,HCN,-,,18407
RXN-13854,1.7.1.15,HCN,-,,18407
GLYCOPHOSPHORYL-RXN,2.4.1.1,HCN,-,,18407
SULFITE-REDUCT-RXN,1.8.1.2,HCN,-,,18407
HYDROXYLAMINE-REDUCTASE-RXN,1.7.99.1,HCN,+,,18407
KDGALDOL-RXN,4.1.2.20,HCN,-,,18407
R621-RXN,1.14.12.17,HCN,-,,18407
RXN0-3501,1.7.5.1,HCN,-,,18407
RXN-14569,2.7.7.87,HCO3,+,,17544
R524-RXN,4.2.1.104,HCO3,-,,17544
3.4.11.1-RXN,3.4.11.1,HCO3,+,,17544
BADH-RXN,1.2.1.8,HG+2,-,,16793
RXN0-5146,3.2.1.196,HG+2,-,,16793
RHAMNULPALDOL-RXN,4.1.2.19,HG+2,-,,16793
ISOCIT-CLEAV-RXN,4.1.3.1,HG+2,-,,16793
7-ALPHA-HYDROXYSTEROID-DEH-RXN,1.1.1.159,HG+2,-,,16793
GLUTAMIN-RXN,3.5.1.38,HG+2,-,,16793
PGPPHOSPHA-RXN,3.1.3.27,HG+2,-,,16793
AMINEPHEN-RXN,1.4.3.21,HG+2,-,,16793
FUMHYDR-RXN,4.2.1.2,HG+2,-,,16793
3.4.15.5-RXN,3.4.15.5,HG+2,-,,16793
AKBLIG-RXN,2.3.1.29,HG+2,-,,16793
AMINOPROPDEHYDROG-RXN,1.1.1.75,HG+2,-,,16793
N-ACETYLTRANSFER-RXN,2.3.1.1,HG+2,-,,16793
GLYCOLATEDEHYDRO-RXN,1.1.99.14,HG+2,-,,16793
DARAB5PISOM-RXN,5.3.1.13,HG+2,-,,16793
GLUTDECARBOX-RXN,4.1.1.15,HG+2,-,,16793
O-SUCCINYLBENZOATE-COA-LIG-RXN,6.2.1.26,HG+2,-,,16793
THREODEHYD-RXN,1.1.1.103,HG+2,-,,16793
GABATRANSAM-RXN,2.6.1.19,HG+2,-,,16793
GST-RXN,2.5.1.18,HG+2,-,,16793
KDO-8PPHOSPHAT-RXN,3.1.3.45,HG+2,-,,16793
GLYCOPHOSPHORYL-RXN,2.4.1.1,HG+2,-,,16793
KDO-8PSYNTH-RXN,2.5.1.55,HG+2,-,,16793
CROBETREDUCT-RXN,1.3.99,HG+2,-,,16793
GLUTDECARBOX-RXN,4.1.1.15,HG+2,-,,16793
GLYOCARBOLIG-RXN,4.1.1.47,HG+2,-,,16793
HISTIDPHOS-RXN,3.1.3.15,HIS,-,,57595
GLUTAMINESYN-RXN,6.3.1.2,HIS,-,,57595
ATPPHOSPHORIBOSYLTRANS-RXN,2.4.2.17,HIS,-,,57595
HISTIDPHOS-RXN,3.1.3.15,HISTIDINOL,-,,57699
HISTIDINE--TRNA-LIGASE-RXN,6.1.1.21,HISTIDINOL,-,,57699
OHMETPYRKIN-RXN,2.7.1.49,HMP,-,,16892
HOMOSERKIN-RXN,2.7.1.39,HOMO-CYS,-,,58199
GLUTDEHYD-RXN,1.4.1.4,HOMO-SER,-,,57476
HOMOSERKIN-RXN,2.7.1.39,HOMO-SER,-,,57476
ASPARTATEKIN-RXN,2.7.2.4,HOMO-SER,+,,57476
ARGININE--TRNA-LIGASE-RXN,6.1.1.19,HOMOARGININE,-,2400,27747
RXN0-4181,3.1.4.52,HS,+,,16136
TRANS-RXN0-623,6.2.1.3,HSCN,-,,18022
RXN0-7238,6.2.1.3,HSCN,-,,18022
RXN0-7239,6.2.1.3,HSCN,-,,18022
RXN0-7248,6.2.1.3,HSCN,-,,18022
ACYLCOASYN-RXN,6.2.1.3,HSCN,-,,18022
ASPDECARBOX-RXN,4.1.1.11,HYDRAZINE,-,,15571
PHOSPHASERDECARB-RXN,4.1.1.65,HYDRAZINE,-,,15571
GSPAMID-RXN,3.5.1.78,HYDROGEN-PEROXIDE,-,,16240
SUPEROX-DISMUT-RXN,1.15.1.1,HYDROGEN-PEROXIDE,-,,16240
CYTDEAM-RXN,3.5.4.1,HYDROGEN-PEROXIDE,-,,16240
3.5.1.88-RXN,3.5.1.88,HYDROGEN-PEROXIDE,-,,16240
AMINEPHEN-RXN,1.4.3.21,HYDROXYLAMINE,-,,15429
ALADEHYDCHLORO-RXN,4.5.1.2,HYDROXYLAMINE,-,,15429
RXN0-5266,1.10.3.14,HYDROXYLAMINE,-,,15429
SUCCINYLDIAMINOPIMTRANS-RXN,2.6.1.17,HYDROXYLAMINE,-,,15429
GABATRANSAM-RXN,2.6.1.19,HYDROXYLAMINE,-,,15429
PHOSPHASERDECARB-RXN,4.1.1.65,HYDROXYLAMINE,-,,15429
RXN0-5268,1.10.3.10,HYDROXYLAMINE,-,,15429
ASPDECARBOX-RXN,4.1.1.11,HYDROXYLAMINE,-,,15429
ISOCIT-CLEAV-RXN,4.1.3.1,HYDROXYMALONATE,-,,17649
PEPTIDYLPROLYL-ISOMERASE-RXN,5.2.1.8,HYDROXYNAPHTHOQUINONE,-,,15794
ACETOLACTSYN-RXN,2.2.1.6,ILE,-,,58045
L-ASPARTATE-OXID-RXN,1.4.3.16,IMINOASPARTATE,-,,58831
SAICARSYN-RXN,6.3.2.6,IMP,-,,58053
PRPPAMIDOTRANS-RXN,2.4.2.14,IMP,-,,58053
HYPOXANPRIBOSYLTRAN-RXN,2.4.2.8,IMP,-,,58053
CARBPSYN-RXN,6.3.5.5,IMP,+,,58053
METHYLENETHFDEHYDROG-NADP-RXN,1.5.1.5,IMP,-,,58053
XANPRIBOSYLTRAN-RXN,2.4.2.22,IMP,-,,58053
GUANYL-KIN-RXN,2.7.4.8,IMP,-,,58053
PRPPAMIDOTRANS-RXN,2.4.2.14,IODOACETAMIDE,-,,103838
RXN-17776,4.2.1.17,IODOACETAMIDE,NIL,,103838
RXN-17780,4.2.1.17,IODOACETAMIDE,NIL,,103838
RXN0-5393,4.2.1.17,IODOACETAMIDE,NIL,,103838
RXN-17785,4.2.1.17,IODOACETAMIDE,NIL,,103838
RXN-17789,4.2.1.17,IODOACETAMIDE,NIL,,103838
RXN-17793,1.1.1.35,IODOACETAMIDE,NIL,,103838
RXN-17797,1.1.1.35,IODOACETAMIDE,NIL,,103838
RXN-17777,1.1.1.35,IODOACETAMIDE,NIL,,103838
RXN-17781,1.1.1.35,IODOACETAMIDE,NIL,,103838
RXN-17786,1.1.1.35,IODOACETAMIDE,NIL,,103838
RXN-17790,1.1.1.35,IODOACETAMIDE,NIL,,103838
RXN-17794,1.1.1.35,IODOACETAMIDE,NIL,,103838
RXN-17798,1.1.1.35,IODOACETAMIDE,NIL,,103838
RXN-17799,2.3.1.16,IODOACETAMIDE,-,,103838
RXN-17795,2.3.1.16,IODOACETAMIDE,-,,103838
RXN-17791,2.3.1.16,IODOACETAMIDE,-,,103838
RXN-17787,2.3.1.16,IODOACETAMIDE,-,,103838
RXN-17782,2.3.1.16,IODOACETAMIDE,-,,103838
RXN-17778,2.3.1.16,IODOACETAMIDE,-,,103838
FORMATEDEHYDROG-RXN,1.1.5.6,IODOACETAMIDE,-,,103838
2.3.1.157-RXN,2.3.1.157,IODOACETAMIDE,-,,103838
IPPISOM-RXN,5.3.3.2,IODOACETAMIDE,-,,103838
KETOACYLCOATHIOL-RXN,2.3.1.16,IODOACETAMIDE,-,,103838
MALONYL-COA-ACP-TRANSACYL-RXN,2.3.1.86,IODOACETAMIDE,-,,103838
HOMSUCTRAN-RXN,2.3.1.46,IODOACETAMIDE,-,,103838
ACYL-COA-HYDROLASE-RXN,3.1.2.20,IODOACETAMIDE,-,,103838
3-OXOACYL-ACP-SYNTH-BASE-RXN,2.3.1.86,IODOACETAMIDE,-,,103838
GSPAMID-RXN,3.5.1.78,IODOACETAMIDE,-,,103838
ACP-S-ACETYLTRANSFER-RXN,2.3.1.86,IODOACETAMIDE,-,,103838
3-OXOACYL-ACP-SYNTH-RXN,2.3.1.86,IODOACETAMIDE,-,,103838
GPPSYN-RXN,2.5.1.1,IODOACETAMIDE,-,,103838
FPPSYN-RXN,2.5.1.10,IODOACETAMIDE,-,,103838
L-GLN-FRUCT-6-P-AMINOTRANS-RXN,2.6.1.16,IODOACETAMIDE,-,,103838
OHBUTYRYL-COA-EPIM-RXN,5.1.2.3,IODOACETAMIDE,NIL,,103838
OHACYL-COA-DEHYDROG-RXN,1.1.1.35,IODOACETAMIDE,NIL,,103838
ENOYL-COA-HYDRAT-RXN,4.2.1.17,IODOACETAMIDE,NIL,,103838
ENOYL-COA-DELTA-ISOM-RXN,5.3.3.8,IODOACETAMIDE,NIL,,103838
AMINEPHEN-RXN,1.4.3.21,IPRONIAZID,-,,5958
AMINEPHEN-RXN,1.4.3.21,ISONIAZIDE,-,,6030
3-CH3-2-OXOBUTANOATE-OH-CH3-XFER-RXN,2.1.2.11,ISOVALERATE,-,,48942
ISOCIT-CLEAV-RXN,4.1.3.1,ITACONATE,-,,17240
NADH-DEHYDROG-A-RXN,1.6.5.3,K+,+,,29103
GTP-CYCLOHYDRO-I-RXN,3.5.4.16,K+,+,,29103
RXN0-7023,3.1.13,K+,+,,29103
UDPMANNACADEHYDROG-RXN,1.1.1.336,K+,+,,29103
6PFRUCTPHOS-RXN,2.7.1.11,K+,-,,29103
F16ALDOLASE-RXN,4.1.2.13,K+,+,,29103
BADH-RXN,1.2.1.8,K+,+,,29103
CITSYN-RXN,2.3.3.16,K+,+,,29103
DTMPKI-RXN,2.7.4.12,K+,-,,29103
GLYCDEH-RXN,1.1.1.6,K+,+,,29103
THI-P-KIN-RXN,2.7.4.16,K+,+,,29103
TREHALOSE6PSYN-RXN,2.4.1.15,K+,+,,29103
DIHYDROFOLATEREDUCT-RXN,1.5.1.3,K+,-,,29103
EXOPOLYPHOSPHATASE-RXN,3.6.1.11,K+,+,,29103
CARBPSYN-RXN,6.3.5.5,K+,+,,29103
IMP-DEHYDROG-RXN,1.1.1.205,K+,+,,29103
RXN0-4222,3.1.13.1,K+,+,,29103
MALIC-NADP-RXN,1.1.1.40,K+,+,,29103
GLYOCARBOLIG-RXN,4.1.1.47,K+,+,,29103
THIKIN-RXN,2.7.1.89,K+,+,,29103
ASPARTATE-SEMIALDEHYDE-DEHYDROGENASE-RXN,1.2.1.11,K+,-,,29103
3.1.13.5-RXN,3.1.13.5,K+,+,,29103
GUANYL-KIN-RXN,2.7.4.8,K+,+,,29103
PPPGPPHYDRO-RXN,3.6.1.40,K+,-,,29103
UDPNACETYLMURAMATEDEHYDROG-RXN,1.3.1.98,K+,+,,29103
UDP-NACMURALGLDAPLIG-RXN,6.3.2.13,K+,+,,29103
HOMOSERDEHYDROG-RXN,1.1.1.3,K+,+,,29103
NICONUCADENYLYLTRAN-RXN,2.7.7.18,K+,+,,29103
F16BDEPHOS-RXN,3.1.3.11,KCL,-,,32588
POLYPHOSPHATE-KINASE-RXN,2.7.4.1,KCL,-,,32588
HOLO-ACP-SYNTH-RXN,2.7.8.7,KCL,-,,32588
1PFRUCTPHOSN-RXN,2.7.1.56,KCL,+,,32588
KDGALDOL-RXN,4.1.2.20,KDO,-,,16064
KDO-8PSYNTH-RXN,2.5.1.55,KDO-8P,-,,58368
KDOTRANS2-RXN,2.4.99.13,KDO2-LIPID-A,-,,58540
KDOTRANS-RXN,2.4.99.12,KDO2-LIPID-A,-,,58540
KDOTRANS2-RXN,2.4.99.13,KDO2-LIPID-IVA,-,,60365
KDOTRANS-RXN,2.4.99.12,KDO2-LIPID-IVA,-,,60365
QUERCETIN-23-DIOXYGENASE-RXN,1.13.11.24,KOJIC-ACID,-,,43572
S-ADENMETSYN-RXN,2.5.1.6,L-2-AMINOHEXANOATE,-,,58455
ORNCARBAMTRANSFER-RXN,2.1.3.3,L-2-AMINOPENTANOIC-ACID,-,,58441
DAHPSYN-RXN,2.5.1.54,L-ALPHA-ALANINE,-,,57972
SERINE-O-ACETTRAN-RXN,2.3.1.30,L-ALPHA-ALANINE,-,,57972
GLUTAMINESYN-RXN,6.3.1.2,L-ALPHA-ALANINE,-,,57972
ARABISOM-RXN,5.3.1.4,L-ARABITOL,-,,18403
DARABISOM-RXN,5.3.1.3,L-ARABITOL,-,,18403
MALIC-NADP-RXN,1.1.1.40,L-ASPARTATE,+,,29991
ASPARAGHYD-RXN,3.5.1.38,L-ASPARTATE,-,,29991
PEPCARBOX-RXN,4.1.1.31,L-ASPARTATE,-,,29991
PYROXALTRANSAM-RXN,2.6.1.31,L-ASPARTATE,-,,29991
ASPARTASE-RXN,4.3.1.1,L-ASPARTATE,+,,29991
1.1.1.39-RXN,1.1.1.38,L-ASPARTATE,+,,29991
GLUTAMATESYN-RXN,1.4.1.13,L-ASPARTATE,-,,29991
CARBPSYN-RXN,6.3.5.5,L-AZASERINE,-,,74846
N-ACETYLTRANSFER-RXN,2.3.1.1,L-CITRULLINE,-,,57743
TRANS-RXN0-593,3.6.3.21,L-CYSTATHIONINE,-,,58161
CTPSYN-RXN,6.3.4.2,L-GLUTAMATE_GAMMA-SEMIALDEHYDE,-,,58066
L-GLN-FRUCT-6-P-AMINOTRANS-RXN,2.6.1.16,L-GLUTAMATE_GAMMA-SEMIALDEHYDE,-,,58066
TRANSALDOL-RXN,2.2.1.2,L-GLYCERALDEHYDE,-,,27975
RXN-1381,2.3.1.15,L-GLYCERALDEHYDE-3-PHOSPHATE,-,,48932
PHOSPHAGLYPSYN-RXN,2.7.8.5,L-GLYCERALDEHYDE-3-PHOSPHATE,-,,48932
RXN0-7008,1.5.5.2,L-LACTATE,-,,16651
CARBPSYN-RXN,6.3.5.5,L-ORNITHINE,+,,46911
ARGDECARBOX-RXN,4.1.1.19,L-ORNITHINE,-,,46911
ACETYLORNDEACET-RXN,3.5.1.16,L-ORNITHINE,-,,46911
AGMATIN-RXN,3.5.3.11,L-ORNITHINE,-,,46911
2-DEHYDROPANTOATE-REDUCT-RXN,1.1.1.169,L-PANTOATE,-,,15980
3-CH3-2-OXOBUTANOATE-OH-CH3-XFER-RXN,2.1.2.11,L-PANTOATE,-,,15980
ALADEHYDCHLORO-RXN,4.5.1.2,L-PENICILLAMINE,-,,50869
GLUTAMINESYN-RXN,6.3.1.2,L-PHOSPHINOTHRICIN,-,,58882
ASNSYNB-RXN,6.3.5.4,L-THREO-3-METHYL-ASPARTATE,-,18000,58724
ORNDECARBOX-RXN,4.1.1.17,L-THREONINE-O-3-PHOSPHATE,-,,58675
LACTALDDEHYDROG-RXN,1.2.1.22,LACTALD,-,,18041
LAUROYLACYLTRAN-RXN,2.3.1.241,LAUROYLCOA-CPD,-,,57375
2-ISOPROPYLMALATESYN-RXN,2.3.3.13,LEU,-,,57427
TYROSINE-AMINOTRANSFERASE-RXN,2.6.1.57,LEU,-,,57427
ACETOLACTSYN-RXN,2.2.1.6,LEU,-,,57427
BRANCHED-CHAINAMINOTRANSFERLEU-RXN,2.6.1.6,LEU,-,,57427
PHEAMINOTRANS-RXN,2.6.1.57,LEU,-,,57427
ACETOOHBUTSYN-RXN,2.2.1.6,LEU,-,,57427
ACETOOHBUTSYN-RXN,2.2.1.6,LEU,-,,57427
ACETOLACTSYN-RXN,2.2.1.6,LEU,-,,57427
ASPARTATEKIN-RXN,2.7.2.4,LEU,-,,57427
F16BDEPHOS-RXN,3.1.3.11,LI+,-,,49713
F16BDEPHOS-RXN,3.1.3.11,LI+,-,,49713
SAMDECARB-RXN,4.1.1.50,LI+,+,,49713
RXN-7253,3.1.3.25,LI+,-,,49713
RXN0-5408,3.1.3.25,LI+,-,,49713
RHAMNULPALDOL-RXN,4.1.2.19,LI+,-,,49713
ACYLGPEACYLTRANS-RXN,2.3.1.40,LI+,-,,49713
325-BISPHOSPHATE-NUCLEOTIDASE-RXN,3.1.3.7,LI+,-,,49713
PPGPPSYN-RXN,3.1.7.2,LI+,-,,49713
HOMOSERKIN-RXN,2.7.1.39,LYS,-,,32551
DIHYDRODIPICSYN-RXN,4.3.3.7,LYS,-,,32551
ARGDECARBOX-RXN,4.1.1.19,LYS,-,,32551
DIAMINOPIMDECARB-RXN,4.1.1.20,LYS,-,,32551
ASPARTATEKIN-RXN,2.7.2.4,LYS,-,,32551
ASPARTATEKIN-RXN,2.7.2.4,LYS,-,,32551
GSADENYLATION-RXN,2.7.7.42,MAL,-,,15589
PEPCARBOX-RXN,4.1.1.31,MAL,-,,15589
1.1.1.39-RXN,1.1.1.38,MAL,-,,15589
SAICARSYN-RXN,6.3.2.6,MALEATE,-,,30780
PHEAMINOTRANS-RXN,2.6.1.57,MALEATE,-,,30780
2.6.1.7-RXN,2.6.1.7,MALEATE,-,,30780
GLUTDECARBOX-RXN,4.1.1.15,MALEATE,-,,30780
ASPAMINOTRANS-RXN,2.6.1.1,MALEATE,-,,30780
GLUTDECARBOX-RXN,4.1.1.15,MALEATE,-,,30780
R601-RXN,1.3.5.4,MALONATE,-,,15792
SUCCINATE-DEHYDROGENASE-UBIQUINONE-RXN,1.3.5.1,MALONATE,-,,15792
GLUTDECARBOX-RXN,4.1.1.15,MALONATE,-,,15792
ISOCIT-CLEAV-RXN,4.1.3.1,MALONATE,-,,15792
GLUTDECARBOX-RXN,4.1.1.15,MALONATE,-,,15792
MANNONDEHYDRAT-RXN,4.2.1.8,MANNITOL,-,,16899
TRANS-RXN0-593,3.6.3.21,MESO-DIAMINOPIMELATE,-,,57791
L-ASPARTATE-OXID-RXN,1.4.3.16,MESO-TARTRATE,-,,30928
HOMOCYSMETB12-RXN,2.1.1.13,MET,-,,57844
2.8.1.6-RXN,2.8.1.6,MET,-,,57844
HOMSUCTRAN-RXN,2.3.1.46,MET,-,,57844
FORMYLTHFDEFORMYL-RXN,3.5.1.10,MET,+,,57844
GLUTAMATESYN-RXN,1.4.1.13,MET,-,,57844
RXN0-1321,2.4.2.29,METHYLMETHANETHIOSULFONATE,-,,74357
GLYOHMETRANS-RXN,2.1.2.1,METHYLMETHANETHIOSULFONATE,-,,74357
RXN-11496,1.2.5.1,METHYLMETHANETHIOSULFONATE,-,,74357
3-OCTAPRENYL-4-OHBENZOATE-DECARBOX-RXN,4.1.1.98,METOH,+,,17790
RXN-16649,3.4.16.4,MG+2,-,,18420
ADENYL-KIN-RXN,2.7.4.3,MG+2,+,,18420
RXN0-4181,3.1.4.52,MG+2,+,,18420
RXN0-6527,3.1.27.6,MG+2,-,,18420
TRIPHOSPHATASE-RXN,3.6.1.25,MG+2,+,,18420
RXN-9514,2.3.1.86,MG+2,-,,18420
UDPHYDROXYMYRGLUCOSAMNACETYLTRANS-RXN,2.3.1.191,MG+2,-,,18420
RXN0-5120,2.4.1,MG+2,-,,18420
3.4.15.5-RXN,3.4.15.5,MG+2,+,,18420
RXN0-5144,2.1.1.61,MG+2,-,,18420
TRNA-URACIL-5--METHYLTRANSFERASE-RXN,2.1.1.35,MG+2,+,,18420
DIHYDROFOLATEREDUCT-RXN,1.5.1.3,MG+2,-,,18420
RXN-1381,2.3.1.15,MG+2,+,,18420
ADENPRIBOSYLTRAN-RXN,2.4.2.7,MG+2,-,,18420
POLYPHOSPHATE-KINASE-RXN,2.7.4.1,MG+2,+,,18420
3.1.27.6-RXN,3.1.27.6,MG+2,-,,18420
RXN-9952,1.1.1.44,MG+2,+,,18420
RXN0-3261,3.4.11,MG+2,+,,18420
GDPMANDEHYDRA-RXN,4.2.1.47,MG+2,+,,18420
MANNONOXIDOREDUCT-RXN,1.1.1.57,MG+2,+,,18420
GLUTAMIDOTRANS-RXN,2.4.2,MG+2,-,,18420
PRPPSYN-RXN,2.7.6.1,MG+2,+,,18420
GLUTAMIN-RXN,3.5.1.38,MG+2,+,,18420
PORPHOBILSYNTH-RXN,4.2.1.24,MG+2,NIL,,18420
GLUTAMIN-RXN,3.5.1.38,MG+2,-,,18420
GLUTAMIN-RXN,3.5.1.38,MG+2,-,,18420
RXN-16649,3.4.16.4,MGCL2,-,,6636
RXN0-6277,1,MN+2,-,,29035
RXN0-4181,3.1.4.52,MN+2,+,,29035
SAMDECARB-RXN,4.1.1.50,MN+2,+,,29035
RXN-6622,3.4.13.18,MN+2,+,,29035
3.4.15.5-RXN,3.4.15.5,MN+2,+,,29035
AMINOPROPDEHYDROG-RXN,1.1.1.75,MN+2,-,,29035
3.4.11.9-RXN,3.4.11.9,MN+2,+,,29035
GLUCARDEHYDRA-RXN,4.2.1.40,MN+2,-,,29035
POLYPHOSPHATE-KINASE-RXN,2.7.4.1,MN+2,+,,29035
3.1.26.4-RXN,3.1.26.4,MN+2,-,,29035
PHOSPHOGLUCMUT-RXN,5.4.2.2,MN+2,-,,29035
THREODEHYD-RXN,1.1.1.103,MN+2,+,,29035
MANNONDEHYDRAT-RXN,4.2.1.8,MN+2,+,,29035
MANNONOXIDOREDUCT-RXN,1.1.1.57,MN+2,+,,29035
GLUTAMIDOTRANS-RXN,2.4.2,MN+2,-,,29035
N-ACETYLGLUTPREDUCT-RXN,1.2.1.38,MN+2,-,,29035
GLUTAMIN-RXN,3.5.1.38,MN+2,+,,29035
RXN-11277,3.1.3.81,MN+2,-,,29035
ALTRODEHYDRAT-RXN,4.2.1.7,MN+2,+,,29035
GLUTAMIN-RXN,3.5.1.38,MN+2,-,,29035
GLUTAMIN-RXN,3.5.1.38,MN+2,-,,29035
METHYLMALONYL-COA-MUT-RXN,5.4.99.2,MN+2,-,,29035
3.2.1.52-RXN,3.2.1.52,N-ACETYL-D-GLUCOSAMINE,-,,28009
2.3.1.157-RXN,2.3.1.157,N-ACETYL-D-GLUCOSAMINE-1-P,-,,57776
RXN-15313,4.1.3.3,N-BROMOSUCCINIMIDE,-,,53174
7-ALPHA-HYDROXYSTEROID-DEH-RXN,1.1.1.159,N-BROMOSUCCINIMIDE,-,,53174
ACNEULY-RXN,4.1.3.3,N-BROMOSUCCINIMIDE,-,,53174
RXN0-5256,1.12.99.6,N-BROMOSUCCINIMIDE,-,,53174
RXN0-5256,1.12.99.6,N-BROMOSUCCINIMIDE,-,,53174
RXN0-6442,2.5.1,N-ETHYLMALEIMIDE,-,,44485
PREPHENATEDEHYDRAT-RXN,4.2.1.51,N-ETHYLMALEIMIDE,-,,44485
RXN0-1321,2.4.2.29,N-ETHYLMALEIMIDE,-,,44485
ARYLAMINE-N-ACETYLTRANSFERASE-RXN,2.3.1.5,N-ETHYLMALEIMIDE,-,,44485
NADPH-DEHYDROGENASE-FLAVIN-RXN,1.5.1.30,N-ETHYLMALEIMIDE,-,,44485
RXN-17799,2.3.1.16,N-ETHYLMALEIMIDE,-,,44485
RXN-17795,2.3.1.16,N-ETHYLMALEIMIDE,-,,44485
RXN-17791,2.3.1.16,N-ETHYLMALEIMIDE,-,,44485
RXN-17787,2.3.1.16,N-ETHYLMALEIMIDE,-,,44485
RXN-17782,2.3.1.16,N-ETHYLMALEIMIDE,-,,44485
RXN-17778,2.3.1.16,N-ETHYLMALEIMIDE,-,,44485
S-FORMYLGLUTATHIONE-HYDROLASE-RXN,3.1.2.12,N-ETHYLMALEIMIDE,-,,44485
S-FORMYLGLUTATHIONE-HYDROLASE-RXN,3.1.2.12,N-ETHYLMALEIMIDE,-,,44485
2.3.1.157-RXN,2.3.1.157,N-ETHYLMALEIMIDE,-,,44485
GLYCDEH-RXN,1.1.1.6,N-ETHYLMALEIMIDE,-,,44485
GLYOXIII-RXN,4.2.1,N-ETHYLMALEIMIDE,-,,44485
KETOACYLCOATHIOL-RXN,2.3.1.16,N-ETHYLMALEIMIDE,-,,44485
THI-P-KIN-RXN,2.7.4.16,N-ETHYLMALEIMIDE,-,,44485
MALONYL-COA-ACP-TRANSACYL-RXN,2.3.1.86,N-ETHYLMALEIMIDE,-,,44485
DHBAMPLIG-RXN,2.7.7.58,N-ETHYLMALEIMIDE,-,,44485
SORB6PDEHYDROG-RXN,1.1.1.140,N-ETHYLMALEIMIDE,-,,44485
UDPACYLGLCNACDEACETYL-RXN,3.5.1.108,N-ETHYLMALEIMIDE,-,,44485
2.1.1.79-RXN,2.1.1.79,N-ETHYLMALEIMIDE,-,,44485
GABATRANSAM-RXN,2.6.1.19,N-ETHYLMALEIMIDE,-,,44485
RXN-11496,1.2.5.1,N-ETHYLMALEIMIDE,-,,44485
ASPARTATE-SEMIALDEHYDE-DEHYDROGENASE-RXN,1.2.1.11,N-ETHYLMALEIMIDE,-,,44485
ACP-S-ACETYLTRANSFER-RXN,2.3.1.86,N-ETHYLMALEIMIDE,-,,44485
TRANSENOYLCOARED-RXN,1.3.1.38,N-ETHYLMALEIMIDE,-,,44485
ENOYL-ACP-REDUCT-NADH-RXN,1.3.1.9,N-ETHYLMALEIMIDE,+,,44485
RXN-13990,4.1.3.42,N-ETHYLMALEIMIDE,-,,44485
ISOCHORSYN-RXN,5.4.4.2,N-ETHYLMALEIMIDE,NIL,,44485
ENOYL-COA-DELTA-ISOM-RXN,5.3.3.8,N-ETHYLMALEIMIDE,NIL,,44485
SPERMIDINESYN-RXN,2.5.1.16,N-ETHYLMALEIMIDE,-,,44485
GLUTAMIN-RXN,3.5.1.38,N5-METHYLGLUTAMINE,-,,58200
DTMPKI-RXN,2.7.4.12,NA+,-,,29101
DIHYDROFOLATEREDUCT-RXN,1.5.1.3,NA+,-,,29101
3.1.13.1-RXN,3.1.13.1,NA+,-,,29101
GLYOCARBOLIG-RXN,4.1.1.47,NA+,+,,29101
ASPARTATE-SEMIALDEHYDE-DEHYDROGENASE-RXN,1.2.1.11,NA+,-,,29101
PPPGPPHYDRO-RXN,3.6.1.40,NA+,-,,29101
GLYCOPHOSPHORYL-RXN,2.4.1.1,NA2SO4,+,,32149
RXN0-3461,3.4,NACL,-,,26710
2.3.1.157-RXN,2.3.1.157,NACMUR,-,,28881
3.2.1.52-RXN,3.2.1.52,NACMUR,-,,28881
NADH-DEHYDROG-A-RXN,1.6.5.3,NAD,-,,57540
MALATE-DEHYDROGENASE-ACCEPTOR-RXN,1.1.5.4,NAD,-,,57540
ALPHAGALACTOSID-RXN,3.2.1.22,NAD,+,,57540
CITSYN-RXN,2.3.3.16,NAD,-,,57540
PYRUVDEH-RXN,1.2.1,NAD,-,,57540
1.1.1.39-RXN,1.1.1.38,NAD,-,,57540
RXN-13854,1.7.1.15,NAD,-,,57540
ACETALD-DEHYDROG-RXN,1.2.1.10,NAD,+,,57540
L-ASPARTATE-OXID-RXN,1.4.3.16,NAD,-,,57540
3-DEHYDROQUINATE-SYNTHASE-RXN,4.2.3.4,NAD,-,,57540
GLUTAMIN-RXN,3.5.1.38,NAD,-,,57540
MANNONOXIDOREDUCT-RXN,1.1.1.57,NAD,-,,57540
MALIC-NADP-RXN,1.1.1.40,NADH,-,,57945
RXN0-1132,1.8.1.4,NADH,-,,57945
RXN-7716,1.8.1.4,NADH,-,,57945
PYRUVDEH-RXN,1.2.1,NADH,-,,57945
UGD-RXN,1.1.1.22,NADH,+,,57945
CITSYN-RXN,2.3.3.16,NADH,-,,57945
DIENOYLCOAREDUCT-RXN,1.3.1.34,NADH,-,,57945
NAD-KIN-RXN,2.7.1.23,NADH,-,,57945
PHOSACETYLTRANS-RXN,2.3.1.8,NADH,-,,57945
GLUTAMIN-RXN,3.5.1.38,NADH,-,,57945
LACTALDDEHYDROG-RXN,1.2.1.22,NADH,-,,57945
MALIC-NADP-RXN,1.1.1.40,NADP,-,,58349
RXN-14014,1.17.1.8,NADP,-,190,58349
NADPH-DEHYDROGENASE-FLAVIN-RXN,1.5.1.30,NADP,-,,58349
FMNREDUCT-RXN,1.5.1.39,NADP,-,,58349
FMNREDUCT-RXN,1.5.1.39,NADP,-,,58349
RXN-9952,1.1.1.44,NADP,-,,58349
PHOSICITDEHASE-RXN,2.7.11.5,NADP,-,,58349
1.1.1.271-RXN,1.1.1.271,NADP,-,,58349
2-DEHYDROPANTOATE-REDUCT-RXN,1.1.1.169,NADP,-,,58349
TRANSENOYLCOARED-RXN,1.3.1.38,NADP,-,,58349
SULFITE-REDUCT-RXN,1.8.1.2,NADP,-,,58349
GLUTAMIN-RXN,3.5.1.38,NADP,-,,58349
PYRROLINECARBREDUCT-RXN,1.5.1.2,NADP,-,600,58349
ACETOLACTREDUCTOISOM-RXN,1.1.1.86,NADP,-,,58349
DEPHOSICITDEHASE-RXN,3.1.3,NADPH,-,,57783
PHOSICITDEHASE-RXN,2.7.11.5,NADPH,-,,57783
NAD-KIN-RXN,2.7.1.23,NADPH,-,,57783
PHOSACETYLTRANS-RXN,2.3.1.8,NADPH,-,,57783
GLUTAMIN-RXN,3.5.1.38,NADPH,-,,57783
GLUTATHIONE-REDUCT-NADPH-RXN,1.8.1.7,NADPH,-,,57783
R4-RXN,1.8.1,NH42SO4,+,,62946
EXOPOLYPHOSPHATASE-RXN,3.6.1.11,NH42SO4,+,,62946
POLYPHOSPHATE-KINASE-RXN,2.7.4.1,NH42SO4,-,,62946
HOLO-ACP-SYNTH-RXN,2.7.8.7,NH42SO4,-,,62946
GLYOCARBOLIG-RXN,4.1.1.47,NH4CL,+,,31206
GLUTSEMIALDEHYDROG-RXN,1.2.1.41,NI+2,-,,49786
RXN0-5462,3.6.5.1,NI+2,-,,49786
RXN-6622,3.4.13.18,NI+2,+,,49786
RXN0-5120,2.4.1,NI+2,-,,49786
F16ALDOLASE-RXN,4.1.2.13,NI+2,-,,49786
ALPHAGALACTOSID-RXN,3.2.1.22,NI+2,-,,49786
AMINOPROPDEHYDROG-RXN,1.1.1.75,NI+2,-,,49786
THREODEHYD-RXN,1.1.1.103,NI+2,-,,49786
3.4.15.5-RXN,3.4.15.5,NI+2,-,,49786
ARGSUCCINLYA-RXN,4.3.2.1,NI+2,+,,49786
ACETYLORNDEACET-RXN,3.5.1.16,NI+2,-,,49786
1.1.1.283-RXN,1.1.1.283,NI+2,-,,49786
N-ACETYLGLUTPREDUCT-RXN,1.2.1.38,NI+2,-,,49786
QUINOPRIBOTRANS-RXN,2.4.2.19,NICOTINATE_NUCLEOTIDE,-,,57502
NAPHTHOATE-SYN-RXN,4.1.3.36,NITRATE,-,,17632
RXN0-3281,1.1.99.33,NITRATE,-,,17632
R524-RXN,4.2.1.104,NITRATE,-,,17632
GLYCOPHOSPHORYL-RXN,2.4.1.1,NITRATE,-,,17632
KDGALDOL-RXN,4.1.2.20,NITRATE,-,,17632
RXN0-3281,1.1.99.33,NITRITE,-,,16301
R524-RXN,4.2.1.104,NITRITE,-,,16301
QUERCETIN-23-DIOXYGENASE-RXN,1.13.11.24,O-PHENANTHROLINE,-,,44975
RXN0-5204,3.4.11.23,O-PHENANTHROLINE,-,,44975
3.4.15.5-RXN,3.4.15.5,O-PHENANTHROLINE,-,,44975
3.5.1.88-RXN,3.5.1.88,O-PHENANTHROLINE,-,,44975
GLYCDEH-RXN,1.1.1.6,O-PHENANTHROLINE,-,,44975
DUTP-PYROP-RXN,3.6.1.19,O-PHENANTHROLINE,-,,44975
RHAMNULPALDOL-RXN,4.1.2.19,O-PHENANTHROLINE,-,,44975
GALACTUROISOM-RXN,5.3.1.12,O-PHENANTHROLINE,-,,44975
GLUCUROISOM-RXN,5.3.1.12,O-PHENANTHROLINE,-,,44975
CYTDEAM-RXN,3.5.4.1,O-PHENANTHROLINE,-,,44975
ALANINE--TRNA-LIGASE-RXN,6.1.1.7,O-PHENANTHROLINE,-,,44975
GUANINE-DEAMINASE-RXN,3.5.4.3,O-PHENANTHROLINE,-,,44975
GALACTOACETYLTRAN-RXN,2.3.1.18,O-PHENANTHROLINE,-,,44975
NADH-DEHYDROG-A-RXN,1.6.5.3,O-PHENANTHROLINE,-,,44975
MANNONDEHYDRAT-RXN,4.2.1.8,O-PHENANTHROLINE,-,,44975
PORPHOBILSYNTH-RXN,4.2.1.24,O-PHENANTHROLINE,NIL,,44975
PPGPPSYN-RXN,3.1.7.2,O-PHENANTHROLINE,-,,44975
DEOXYRIBOSE-P-ALD-RXN,4.1.2.4,OCTANOL,-,,16188
RXN-15313,4.1.3.3,OH-PYR,-,,17180
DIHYDRODIPICSYN-RXN,4.3.3.7,OH-PYR,-,,17180
RXN-13990,4.1.3.42,OH-PYR,-,,17180
ACNEULY-RXN,4.1.3.3,OH-PYR,-,,17180
PYRUVDEH-RXN,1.2.1,OH-PYR,-,,17180
RXN0-6491,1.3.5.2,OROTATE,-,,30839
PEPSYNTH-RXN,2.7.9.2,OXALACETIC_ACID,-,,16452
2OXOGLUTDECARB-RXN,1.2.4.2,OXALACETIC_ACID,-,,16452
R601-RXN,1.3.5.4,OXALACETIC_ACID,-,,16452
CITSYN-RXN,2.3.3.16,OXALACETIC_ACID,-,,16452
GSADENYLATION-RXN,2.7.7.42,OXALACETIC_ACID,-,,16452
ISOCITDEH-RXN,1.1.1.42,OXALACETIC_ACID,-,,16452
DEPHOSICITDEHASE-RXN,3.1.3,OXALACETIC_ACID,+,,16452
MALIC-NADP-RXN,1.1.1.40,OXALACETIC_ACID,-,,16452
1.1.1.39-RXN,1.1.1.38,OXALACETIC_ACID,-,,16452
PHOSICITDEHASE-RXN,2.7.11.5,OXALACETIC_ACID,-,,16452
CITLY-RXN,4.1.3.6,OXALACETIC_ACID,-,,16452
PEPSYNTH-RXN,2.7.9.2,OXALATE,-,,30623
2-OXOPENT-4-ENOATE-HYDRATASE-RXN,4.2.1.80,OXALATE,-,,30623
MALSYN-RXN,2.3.3.9,OXALATE,-,37,30623
RXN0-5462,3.6.5.1,OXALATE,-,,30623
GLUTDECARBOX-RXN,4.1.1.15,OXALATE,-,,30623
MALSYN-RXN,2.3.3.9,OXALATE,-,,30623
R524-RXN,4.2.1.104,OXALATE,-,,30623
ISOCIT-CLEAV-RXN,4.1.3.1,OXALATE,-,,30623
DLACTDEHYDROGFAD-RXN,1.1.5,OXALATE,-,,30623
GLUTDECARBOX-RXN,4.1.1.15,OXALATE,-,,30623
RXN0-1382,2.8.3.16,OXALATE,-,,30623
DLACTDEHYDROGNAD-RXN,1.1.1.28,OXAMATE,-,,58363
DLACTDEHYDROGFAD-RXN,1.1.5,OXAMATE,-,,58363
GLUTATHIONE-SYN-RXN,6.3.2.3,OXIDIZED-GLUTATHIONE,-,,58297
GLUTATHIONE-REDUCT-NADPH-RXN,1.8.1.7,OXIDIZED-GLUTATHIONE,-,,58297
PYRUVFORMLY-RXN,2.3.1.54,OXYGEN-MOLECULE,-,,15379
FORMATEDEHYDROG-RXN,1.1.5.6,OXYGEN-MOLECULE,-,,15379
RXN0-3281,1.1.99.33,OXYGEN-MOLECULE,-,,15379
QUINOLINATE-SYNTHA-RXN,2.5.1.72,OXYGEN-MOLECULE,-,,15379
HYDROXYLAMINE-REDUCTASE-RXN,1.7.99.1,OXYGEN-MOLECULE,-,,15379
S-ADENMETSYN-RXN,2.5.1.6,P3I,-,,18036
GLUTAMIN-RXN,3.5.1.38,P3I,+,,18036
RXN-11496,1.2.5.1,PALMITATE,+,,7896
GLYC3PDEHYDROGBIOSYN-RXN,1.1.1.94,PALMITYL-COA,-,1,57379
RXN-9657,1.3.1.9,PALMITYL-COA,-,,57379
RXN0-884,1.17.7.4,PAMIDRONATE,+,,407576
3-CH3-2-OXOBUTANOATE-OH-CH3-XFER-RXN,2.1.2.11,PANTOTHENATE,-,,29032
ADENYLYLSULFKIN-RXN,2.7.1.25,PAPS,-,,58339
GLUTAMIN-RXN,3.5.1.38,PB+2,-,,49807
RXN-16659,3.4.16.4,PENICILLIN-G,-,,51354
RXN0-3461,3.4,PENICILLIN-G,-,,51354
RXN-16649,3.4.16.4,PENICILLIN-G,-,,51354
R601-RXN,1.3.5.4,PENTACHLOROPHENOL,-,,58217
SUCCINATE-DEHYDROGENASE-UBIQUINONE-RXN,1.3.5.1,PENTACHLOROPHENOL,-,,58217
DAHPSYN-RXN,2.5.1.54,PHE,-,,58095
CHORISMATEMUT-RXN,5.4.99.5,PHE,-,,58095
PREPHENATEDEHYDRAT-RXN,4.2.1.51,PHE,-,,58095
BADH-RXN,1.2.1.8,PHENYLACETALDEHYDE,-,,16424
PHENDEHYD-RXN,1.2.1.39,PHENYLACETALDEHYDE,-,,16424
AKBLIG-RXN,2.3.1.29,PHENYLGLYOXAL,-,,495613
RXN-1381,2.3.1.15,PHENYLGLYOXAL,-,,495613
ISOCITDEH-RXN,1.1.1.42,PHENYLGLYOXAL,-,,495613
THREODEHYD-RXN,1.1.1.103,PHENYLGLYOXAL,-,,495613
RXN-11496,1.2.5.1,PHENYLGLYOXAL,-,,495613
ALADEHYDCHLORO-RXN,4.5.1.2,PHENYLHYDRAZINE,-,,27924
SAMDECARB-RXN,4.1.1.50,PHENYLHYDRAZINE,-,,27924
GABATRANSAM-RXN,2.6.1.19,PHENYLHYDRAZINE,-,,27924
ISOCITDEH-RXN,1.1.1.42,PHOSPHO-ENOL-PYRUVATE,-,,58702
GLUCOKIN-RXN,2.7.1.1,PHOSPHO-ENOL-PYRUVATE,-,,58702
PGLUCISOM-RXN,5.3.1.9,PHOSPHO-ENOL-PYRUVATE,-,,58702
PHOSACETYLTRANS-RXN,2.3.1.8,PHOSPHO-ENOL-PYRUVATE,+,,58702
PHOSACETYLTRANS-RXN,2.3.1.8,PHOSPHO-ENOL-PYRUVATE,-,,58702
RXN0-5260,1.1.5.3,PHOSPHO-ENOL-PYRUVATE,-,,58702
2.5.1.19-RXN,2.5.1.19,PHOSPHO-ENOL-PYRUVATE,+,,58702
ISOCIT-CLEAV-RXN,4.1.3.1,PHOSPHO-ENOL-PYRUVATE,-,,58702
F16BDEPHOS-RXN,3.1.3.11,PHOSPHO-ENOL-PYRUVATE,+,,58702
F16ALDOLASE-RXN,4.1.2.13,PHOSPHO-ENOL-PYRUVATE,+,,58702
GSADENYLATION-RXN,2.7.7.42,PHOSPHO-ENOL-PYRUVATE,-,,58702
METHGLYSYN-RXN,4.2.3.3,PHOSPHO-ENOL-PYRUVATE,-,,58702
PEPCARBOXYKIN-RXN,4.1.1.49,PHOSPHO-ENOL-PYRUVATE,-,,58702
6PFRUCTPHOS-RXN,2.7.1.11,PHOSPHO-ENOL-PYRUVATE,-,,58702
DEPHOSICITDEHASE-RXN,3.1.3,PHOSPHO-ENOL-PYRUVATE,+,,58702
PHOSICITDEHASE-RXN,2.7.11.5,PHOSPHO-ENOL-PYRUVATE,-,,58702
PEPSYNTH-RXN,2.7.9.2,PHOSPHO-ENOL-PYRUVATE,-,,58702
F16BDEPHOS-RXN,3.1.3.11,PHOSPHO-ENOL-PYRUVATE,-,,58702
F16BDEPHOS-RXN,3.1.3.11,PHOSPHO-ENOL-PYRUVATE,+,,58702
THI-P-SYN-RXN,2.5.1.3,PHOSPHO-ENOL-PYRUVATE,-,,58702
GSPSYN-RXN,6.3.1.9,PHOSPHONATE,-,,16215
GLUTDECARBOX-RXN,4.1.1.15,PHTHALATE,-,,17563
GLUTDECARBOX-RXN,4.1.1.15,PHTHALATE,-,,17563
QUINOPRIBOTRANS-RXN,2.4.2.19,PHTHALATE,-,,17563
PPGPPSYN-RXN,3.1.7.2,PICOLINATE,-,,38184
ACETATE--COA-LIGASE-RXN,6.2.1.1,PPI,-,,29888
ARGININE--TRNA-LIGASE-RXN,6.1.1.19,PPI,-,100,29888
ADENYLATECYC-RXN,4.6.1.1,PPI,-,,29888
GSADENYLATION-RXN,2.7.7.42,PPI,-,,29888
METHGLYSYN-RXN,4.2.3.3,PPI,-,,29888
THI-P-KIN-RXN,2.7.4.16,PPI,-,,29888
ADENPRIBOSYLTRAN-RXN,2.4.2.7,PPI,-,,29888
POLYPHOSPHATE-KINASE-RXN,2.7.4.1,PPI,-,,29888
POLYPHOSPHATE-KINASE-RXN,2.7.4.1,PPI,+,,29888
RXN0-384,3.6.1.19,PPI,-,,29888
GTP-CYCLOHYDRO-II-RXN,3.5.4.25,PPI,-,,29888
ASPARTASE-RXN,4.3.1.1,PPI,-,,29888
GSDEADENYLATION-RXN,2.7.7.89,PPI,-,,29888
RXN0-6274,2.5.1.75,PPI,-,,29888
RXN-11496,1.2.5.1,PPI,-,,29888
GMP-SYN-GLUT-RXN,6.3.5.2,PPI,-,,29888
H2NEOPTERINP3PYROPHOSPHOHYDRO-RXN,3.6.1.67,PPI,-,,29888
NUCLEOSIDE-DIP-KIN-RXN,2.7.4.6,PPI,-,,29888
KDGALDOL-RXN,4.1.2.20,PPI,-,,29888
DTDPGLUCOSEPP-RXN,2.7.7.24,PPI,-,,29888
GLUTAMIN-RXN,3.5.1.38,PPI,+,,29888
GALACTARDEHYDRA-RXN,4.2.1.42,PPI,-,,29888
GLUC1PADENYLTRANS-RXN,2.7.7.27,PPI,-,,29888
THI-P-SYN-RXN,2.5.1.3,PPI,-,,29888
QUINOPRIBOTRANS-RXN,2.4.2.19,PPI,-,,29888
S-ADENMETSYN-RXN,2.5.1.6,PPI,-,,29888
CHORISMATEMUT-RXN,5.4.99.5,PREPHENATE,-,,29934
CHORISMATEMUT-RXN,5.4.99.5,PREPHENATE,-,,29934
GLUTKIN-RXN,2.7.2.11,PRO,-,,60039
PYRROLINECARBREDUCT-RXN,1.5.1.2,PRO,-,15000,60039
LACTALDREDUCT-RXN,1.1.1.77,PROPANE-1-2-DIOL,-,,29002
ASPARTASE-RXN,4.3.1.1,PROPANOL,-,,28831
BETAGALACTOSID-RXN,3.2.1.108,PROPANOL,-,,28831
ACETATE--COA-LIGASE-RXN,6.2.1.1,PROPIONATE,-,,17272
CITSYN-RXN,2.3.3.16,PROPIONYL-COA,-,,57392
RXN0-1461,1.3.3.3,PROTOPORPHYRIN_IX,-,,57306
DIHYDROFOLATEREDUCT-RXN,1.5.1.3,PUTRESCINE,-,,326268
LYSDECARBOX-RXN,4.1.1.18,PUTRESCINE,-,,326268
ORNDECARBOX-RXN,4.1.1.17,PUTRESCINE,-,,326268
ARGDECARBOX-RXN,4.1.1.19,PUTRESCINE,-,,326268
ALCOHOL-DEHYDROG-RXN,1.1.1.1,PYRAZOLE,-,0.2,17241
PYRIDOXKIN-RXN,2.7.1.35,PYRIDOXAL,-,,17310
GLUC1PADENYLTRANS-RXN,2.7.7.27,PYRIDOXAL_PHOSPHATE,+,,597326
PMPOXI-RXN,1.4.3.5,PYRIDOXAL_PHOSPHATE,-,,597326
PYRIDOXKIN-RXN,2.7.1.35,PYRIDOXAL_PHOSPHATE,-,,597326
OHMETHYLBILANESYN-RXN,2.5.1.61,PYRIDOXAL_PHOSPHATE,-,,597326
PYROXALTRANSAM-RXN,2.6.1.31,PYRIDOXAL_PHOSPHATE,-,,597326
2.5.1.19-RXN,2.5.1.19,PYRIDOXAL_PHOSPHATE,-,,597326
L-GLN-FRUCT-6-P-AMINOTRANS-RXN,2.6.1.16,PYRIDOXAL_PHOSPHATE,-,,597326
L-GLN-FRUCT-6-P-AMINOTRANS-RXN,2.6.1.16,PYRIDOXAL_PHOSPHATE,-,,597326
PNPOXI-RXN,1.4.3.5,PYRIDOXAL_PHOSPHATE,-,,597326
ERYTH4PDEHYDROG-RXN,1.2.1.72,PYRIDOXAL_PHOSPHATE,-,,597326
PYROXALTRANSAM-RXN,2.6.1.31,PYRIDOXAMINE-5P,-,,58451
OHMETPYRKIN-RXN,2.7.1.49,PYRIDOXINE,-,2.7,16709
OHMETPYRKIN-RXN,2.7.1.49,PYRIDOXINE,-,,16709
PNPOXI-RXN,1.4.3.5,PYRIDOXINE-5P,-,,58589
RXN-15313,4.1.3.3,PYRUVATE,-,,15361
PHOSACETYLTRANS-RXN,2.3.1.8,PYRUVATE,+,,15361
PHOSACETYLTRANS-RXN,2.3.1.8,PYRUVATE,-,,15361
2.5.1.19-RXN,2.5.1.19,PYRUVATE,-,,15361
1.97.1.4-A-RXN,1.97.1.4,PYRUVATE,+,,15361
MALSYN-RXN,2.3.3.9,PYRUVATE,-,650,15361
PYRUVDEH-RXN,1.2.1,PYRUVATE,-,,15361
DLACTDEHYDROGNAD-RXN,1.1.1.28,PYRUVATE,+,,15361
ACNEULY-RXN,4.1.3.3,PYRUVATE,-,,15361
DEPHOSICITDEHASE-RXN,3.1.3,PYRUVATE,+,,15361
PHOSICITDEHASE-RXN,2.7.11.5,PYRUVATE,-,,15361
RXN0-7008,1.5.5.2,PYRUVATE,-,,15361
PHOSACETYLTRANS-RXN,2.3.1.8,PYRUVATE,+,,15361
RXN0-279,3.13.1,PYRUVATE,+,,15361
3-CH3-2-OXOBUTANOATE-OH-CH3-XFER-RXN,2.1.2.11,PYRUVATE,-,,15361
RXN-13990,4.1.3.42,PYRUVATE,-,,15361
MALSYN-RXN,2.3.3.9,PYRUVATE,-,,15361
GLYCDEH-RXN,1.1.1.6,RB+,+,,49847
THI-P-KIN-RXN,2.7.4.16,RB+,+,,49847
DIHYDROFOLATEREDUCT-RXN,1.5.1.3,RB+,-,,49847
IMP-DEHYDROG-RXN,1.1.1.205,RB+,+,,49847
ARABISOM-RXN,5.3.1.4,RIBITOL,-,,15963
DARABISOM-RXN,5.3.1.3,RIBITOL,-,,15963
D-PPENTOMUT-RXN,5.4.2.7,RIBOSE-15-BISPHOSPHATE,+,,68688
THYM-PHOSPH-RXN,2.4.2.2,RIBOSE-1P,-,,57720
URPHOS-RXN,2.4.2.2,RIBOSE-1P,-,,57720
RXN-9952,1.1.1.44,RIBULOSE-5P,-,,58121
DIHYDRODIPICSYN-RXN,4.3.3.7,S-2-AMINOETHYL-L-CYSTEINE,-,,497734
ASPARTATEKIN-RXN,2.7.2.4,S-2-AMINOETHYL-L-CYSTEINE,-,,497734
SAMDECARB-RXN,4.1.1.50,S-ADENOSYLMETHIONINAMINE,-,,57443
HOMSUCTRAN-RXN,2.3.1.46,S-ADENOSYLMETHIONINE,-,,59789
S-ADENMETSYN-RXN,2.5.1.6,S-ADENOSYLMETHIONINE,-,,59789
RXN0-6734,4.7.1.1,S2O4,+,,42160
GLYOCARBOLIG-RXN,4.1.1.47,S2O4,-,,42160
AMINEPHEN-RXN,1.4.3.21,SEMICARBAZIDE,-,,28306
AMINEOXID-RXN,1.4.3.21,SEMICARBAZIDE,-,,28306
RXN-16701,1.1.1,SER,-,,33384
SERINE-O-ACETTRAN-RXN,2.3.1.30,SER,-,,33384
PGLYCDEHYDROG-RXN,1.1.1.95,SER,-,,33384
RXN0-5114,3.1.3.3,SER,-,,33384
GLUTAMINESYN-RXN,6.3.1.2,SER,-,,33384
KETOGLUTREDUCT-RXN,1.1.1,SER,-,,33384
2.8.1.6-RXN,2.8.1.6,SINEFUNGIN,-,,45453
RXN0-1342,2.4.99.17,SINEFUNGIN,-,,45453
RXN-12458,2.1.1.228,SINEFUNGIN,-,0.62,45453
2.1.1.72-RXN,2.1.1.72,SINEFUNGIN,-,2,45453
2.1.1.79-RXN,2.1.1.79,SINEFUNGIN,-,,45453
THIOSULFATE-SULFURTRANSFERASE-RXN,2.8.1.1,SO3,-,,17359
RXN-13854,1.7.1.15,SO3,-,,17359
TRANS-RXN-156,2.7.1.197,SORBITOL,-,,17924
MANNONDEHYDRAT-RXN,4.2.1.8,SORBITOL,-,,17924
LYSDECARBOX-RXN,4.1.1.18,SPERMIDINE,-,,57834
DIHYDROFOLATEREDUCT-RXN,1.5.1.3,SPERMIDINE,-,,57834
SAMDECARB-RXN,4.1.1.50,SPERMIDINE,-,,57834
RXN-1381,2.3.1.15,SPERMIDINE,+,,57834
ARGDECARBOX-RXN,4.1.1.19,SPERMIDINE,-,,57834
SPERMIDINESYN-RXN,2.5.1.16,SPERMIDINE,-,,57834
ARGDECARBOX-RXN,4.1.1.19,SPERMIDINE,-,,57834
ORNDECARBOX-RXN,4.1.1.17,SPERMIDINE,-,,57834
DIHYDROFOLATEREDUCT-RXN,1.5.1.3,SPERMINE,-,,45725
3-DEHYDROQUINATE-DEHYDRATASE-RXN,4.2.1.10,SUC,-,,30031
GLUTDECARBOX-RXN,4.1.1.15,SUC,-,,30031
ASPCARBTRANS-RXN,2.1.3.2,SUC,-,,30031
ISOCIT-CLEAV-RXN,4.1.3.1,SUC,-,,30031
GLUTDECARBOX-RXN,4.1.1.15,SUC,-,,30031
PEPDEPHOS-RXN,2.7.1.40,SUC-COA,-,,57292
DIHYDRODIPICSYN-RXN,4.3.3.7,SUCC-S-ALD,-,300,57706
THIOSULFATE-SULFURTRANSFERASE-RXN,2.8.1.1,SULFATE,-,,16189
GSADENYLATION-RXN,2.7.7.42,SULFATE,-,,16189
F16BDEPHOS-RXN,3.1.3.11,SULFATE,+,,16189
D-PPENTOMUT-RXN,5.4.2.7,SULFATE,-,,16189
2TRANSKETO-RXN,2.2.1.1,SUPER-OXIDE,-,,18421
FUMHYDR-RXN,4.2.1.2,SUPER-OXIDE,-,,18421
FUMHYDR-RXN,4.2.1.2,SUPER-OXIDE,-,,18421
RXN0-5462,3.6.5.1,TARTRATE,-,,30924
GLUCARDEHYDRA-RXN,4.2.1.40,TARTRATE,-,,30924
RXN0-703,1.1.1.130,TARTRATE,-,,30924
PHOSPHOGLUCMUT-RXN,5.4.2.2,TDP,-,,58369
GLUTDECARBOX-RXN,4.1.1.15,TEREPHTHALATE,-,,30043
GLUTDECARBOX-RXN,4.1.1.15,TEREPHTHALATE,-,,30043
PREPHENATEDEHYDRAT-RXN,4.2.1.51,TETRANITROMETHANE,-,,82372
HOMOCYSMETB12-RXN,2.1.1.13,THF,-,,57453
3-CH3-2-OXOBUTANOATE-OH-CH3-XFER-RXN,2.1.2.11,THF,-,,57453
3.4.11.18-RXN,3.4.11.18,THIABENDAZOLE,-,,45979
RXN0-5073,3.6.1,THIAMINE-PYROPHOSPHATE,-,,58937
ALKAPHOSPHA-RXN,3.1.3.1,THIOGLYCOLATE,-,,30066
ALKAPHOSPHA-RXN,3.1.3.1,THIOGLYCOLATE,-,,30066
HOMOSERKIN-RXN,2.7.1.39,THR,-,,57926
ASPARTATEKIN-RXN,2.7.2.4,THR,-,167,57926
HOMOSERDEHYDROG-RXN,1.1.1.3,THR,-,,57926
THYM-PHOSPH-RXN,2.4.2.2,THYMINE,-,,17821
GUANOSINEKIN-RXN,2.7.1.73,TMP,+,,63528
METHYLENETHFDEHYDROG-NADP-RXN,1.5.1.5,TRIS,-,,46097
KETOACYLCOATHIOL-RXN,2.3.1.16,TRIS,-,,46097
RXN-17799,2.3.1.16,TRIS,-,,46097
RXN-17795,2.3.1.16,TRIS,-,,46097
RXN-17791,2.3.1.16,TRIS,-,,46097
RXN-17787,2.3.1.16,TRIS,-,,46097
RXN-17782,2.3.1.16,TRIS,-,,46097
RXN-17778,2.3.1.16,TRIS,-,,46097
TRANSALDOL-RXN,2.2.1.2,TRIS,-,,46097
GMP-SYN-GLUT-RXN,6.3.5.2,TRIS,-,,46097
ASPARTATE-SEMIALDEHYDE-DEHYDROGENASE-RXN,1.2.1.11,TRIS,-,,46097
DAHPSYN-RXN,2.5.1.54,TRP,-,,57912
ANTHRANSYN-RXN,4.1.3.27,TRP,-,,57912
ANTHRANSYN-RXN,4.1.3.27,TRP,-,,57912
GLUTAMINESYN-RXN,6.3.1.2,TRP,-,,57912
RXN0-3741,3.1.3.89,TTP,-,,37568
DTMPKI-RXN,2.7.4.12,TTP,-,,37568
THYKI-RXN,2.7.1.145,TTP,-,,37568
DCTP-DEAM-RXN,3.5.4.13,TTP,-,,37568
H2NEOPTERINP3PYROPHOSPHOHYDRO-RXN,3.6.1.67,TTP,-,,37568
GTP-CYCLOHYDRO-I-RXN,3.5.4.16,TTP,-,1.6,37568
FUMHYDR-RXN,4.2.1.2,TUNGSTATE,-,2300,46502
ALKAPHOSPHA-RXN,3.1.3.1,TUNGSTATE,-,,46502
TYROSINE-AMINOTRANSFERASE-RXN,2.6.1.57,TYR,-,,58315
BRANCHED-CHAINAMINOTRANSFERLEU-RXN,2.6.1.6,TYR,-,,58315
PHEAMINOTRANS-RXN,2.6.1.57,TYR,-,,58315
DAHPSYN-RXN,2.5.1.54,TYR,-,,58315
CHORISMATEMUT-RXN,5.4.99.5,TYR,-,,58315
PREPHENATEDEHYDROG-RXN,1.3.1.12,TYR,-,,58315
UDP-NACMURALGLDAPLIG-RXN,6.3.2.13,UDP,-,,58223
UDP-NACMURALA-GLU-LIG-RXN,6.3.2.9,UDP-AA-GLUTAMATE,-,,83900
UDP-NACMURALGLDAPLIG-RXN,6.3.2.13,UDP-AAGM-DIAMINOHEPTANEDIOATE,-,,83905
UDPGLCNACEPIM-RXN,5.1.3.14,UDP-N-ACETYL-D-GLUCOSAMINE,+,,57705
UDP-NACMURALGLDAPLIG-RXN,6.3.2.13,UDP-N-ACETYL-D-GLUCOSAMINE,-,,57705
UDPNACETYLGLUCOSAMENOLPYRTRANS-RXN,2.5.1.7,UDP-N-ACETYLMURAMATE,-,,70757
2.3.1.157-RXN,2.3.1.157,UDP-N-ACETYLMURAMATE,-,,70757
UDP-NACMURALGLDAPLIG-RXN,6.3.2.13,UDP-N-ACETYLMURAMATE,-,,70757
UDPGLUCEPIM-RXN,5.1.3.2,UMP,-,,57865
CARBPSYN-RXN,6.3.5.5,UMP,-,,57865
GUANOSINEKIN-RXN,2.7.1.73,UMP,+,,57865
URPHOS-RXN,2.4.2.2,URACIL,-,,17568
URPHOS-RXN,2.4.2.2,URACIL,-,,17568
ACID-PHOSPHATASE-RXN,3.1.3.2,URIDINE,-,,16704
URPHOS-RXN,2.4.2.2,URIDINE,-,,16704
GSDEADENYLATION-RXN,2.7.7.89,UTP,+,,46398
CYTIDINEKIN-RXN,2.7.1,UTP,-,,46398
RXN-12002,2.7.4.22,UTP,-,154,46398
URKI-RXN,2.7.1.48,UTP,-,,46398
GTP-CYCLOHYDRO-I-RXN,3.5.4.16,UTP,-,2.9,46398
THI-P-SYN-RXN,2.5.1.3,UTP,-,,46398
ACETOLACTSYN-RXN,2.2.1.6,VAL,-,,57762
ACETOLACTSYN-RXN,2.2.1.6,VAL,-,,57762
ACETOOHBUTSYN-RXN,2.2.1.6,VAL,-,,57762
ACETOOHBUTSYN-RXN,2.2.1.6,VAL,-,,57762
3-CH3-2-OXOBUTANOATE-OH-CH3-XFER-RXN,2.1.2.11,VAL,-,,57762
ACETOOHBUTSYN-RXN,2.2.1.6,VAL,-,,57762
CHORPYRLY-RXN,4.1.3.40,VANILLATE,-,,16632
PRPPAMIDOTRANS-RXN,2.4.2.14,XANTHOSINE-5-PHOSPHATE,-,,57464
XANPRIBOSYLTRAN-RXN,2.4.2.22,XANTHOSINE-5-PHOSPHATE,-,,57464
GTP-CYCLOHYDRO-II-RXN,3.5.4.25,XTP,-,,61314
BADH-RXN,1.2.1.8,ZN+2,-,,29105
IMIDPHOSDEHYD-RXN,4.2.1.19,ZN+2,-,,29105
GLYCOLATEDEHYDRO-RXN,1.1.99.14,ZN+2,-,,29105
S-FORMYLGLUTATHIONE-HYDROLASE-RXN,3.1.2.12,ZN+2,-,,29105
S-FORMYLGLUTATHIONE-HYDROLASE-RXN,3.1.2.12,ZN+2,-,,29105
7-ALPHA-HYDROXYSTEROID-DEH-RXN,1.1.1.159,ZN+2,-,,29105
INOSINEKIN-RXN,2.7.1.73,ZN+2,-,,29105
GUANOSINEKIN-RXN,2.7.1.73,ZN+2,-,,29105
DARAB5PISOM-RXN,5.3.1.13,ZN+2,-,,29105
SAMDECARB-RXN,4.1.1.50,ZN+2,-,,29105
GLYOXIII-RXN,4.2.1,ZN+2,-,,29105
MALIC-NADP-RXN,1.1.1.40,ZN+2,-,,29105
FUMHYDR-RXN,4.2.1.2,ZN+2,-,,29105
RXN0-5462,3.6.5.1,ZN+2,+,,29105
RXN0-5462,3.6.5.1,ZN+2,-,,29105
PYRNUTRANSHYDROGEN-RXN,1.6.1.2,ZN+2,-,,29105
RXN-15294,1.16.3.2,ZN+2,-,,29105
RXN0-5359,2.7.7.65,ZN+2,-,,29105
NADH-DEHYDROG-A-RXN,1.6.5.3,ZN+2,-,,29105
RXN0-5120,2.4.1,ZN+2,-,,29105
3.4.21.102-RXN,3.4.21.102,ZN+2,-,,29105
3.4.15.5-RXN,3.4.15.5,ZN+2,+,,29105
RXN0-1483,1.16.3.1,ZN+2,-,,29105
RXN0-7173,4.2.1,ZN+2,-,,29105
RXN0-5209,2.7.7,ZN+2,+,,29105
RXN0-5208,2.7.7,ZN+2,+,,29105
DARAB5PISOM-RXN,5.3.1.13,ZN+2,-,,29105
ALPHAGALACTOSID-RXN,3.2.1.22,ZN+2,-,,29105
AMINOPROPDEHYDROG-RXN,1.1.1.75,ZN+2,-,,29105
CYCPHOSDIESTER-RXN,3.1.4.16,ZN+2,-,,29105
RXN0-299,1.14.11.17,ZN+2,-,,29105
2.7.9.3-RXN,2.7.9.3,ZN+2,-,,29105
3.4.13.18-RXN,3.4.13.18,ZN+2,+,,29105
N-ACETYLTRANSFER-RXN,2.3.1.1,ZN+2,-,,29105
ORNCARBAMTRANSFER-RXN,2.1.3.3,ZN+2,-,,29105
HYPOXANPRIBOSYLTRAN-RXN,2.4.2.8,ZN+2,-,,29105
GLUTDECARBOX-RXN,4.1.1.15,ZN+2,-,,29105
ADENPRIBOSYLTRAN-RXN,2.4.2.7,ZN+2,-,,29105
POLYPHOSPHATE-KINASE-RXN,2.7.4.1,ZN+2,-,,29105
TETHYDPICSUCC-RXN,2.3.1.117,ZN+2,-,,29105
3.4.15.5-RXN,3.4.15.5,ZN+2,-,,29105
PHENYLALANINE--TRNA-LIGASE-RXN,6.1.1.20,ZN+2,-,,29105
UDPACYLGLCNACDEACETYL-RXN,3.5.1.108,ZN+2,-,,29105
LYSINE--TRNA-LIGASE-RXN,6.1.1.6,ZN+2,-,,29105
ARGSUCCINLYA-RXN,4.3.2.1,ZN+2,-,,29105
GALACTUROISOM-RXN,5.3.1.12,ZN+2,-,,29105
ORNCARBAMTRANSFER-RXN,2.1.3.3,ZN+2,-,,29105
GLUCUROISOM-RXN,5.3.1.12,ZN+2,-,,29105
CYTDEAM-RXN,3.5.4.1,ZN+2,-,5.8,29105
ACETYLORNDEACET-RXN,3.5.1.16,ZN+2,-,,29105
MANNONOXIDOREDUCT-RXN,1.1.1.57,ZN+2,+,,29105
1.1.1.283-RXN,1.1.1.283,ZN+2,-,,29105
ADENYLOSUCCINATE-SYNTHASE-RXN,6.3.4.4,ZN+2,-,,29105
N-ACETYLGLUTPREDUCT-RXN,1.2.1.38,ZN+2,-,,29105
GLYCOPHOSPHORYL-RXN,2.4.1.1,ZN+2,-,,29105
RXN0-5268,1.10.3.10,ZN+2,-,,29105
KDO-8PSYNTH-RXN,2.5.1.55,ZN+2,-,,29105
GLUTDECARBOX-RXN,4.1.1.15,ZN+2,-,,29105
3-NUCLEOTID-RXN,3.1.3.6,ZN+2,-,,29105
D-PPENTOMUT-RXN,5.4.2.7,ZN+2,-,,29105
GLYCOLALDREDUCT-RXN,1.1.1.77,ZN+2,-,,29105
LACTALDREDUCT-RXN,1.1.1.77,ZN+2,-,,29105
GLYCOLALD-DEHYDROG-RXN,1.2.1.21,ZN+2,-,,29105
METHYLMALONYL-COA-MUT-RXN,5.4.99.2,ZN+2,-,,29105
